id,shots,arithmetic,cache_bytes,fastest_peer,rstim_ns,peer_ns,speedup,paired_min,paired_max
msc5/s1/c67108864/strict,1,strict,67108864,clifft-scheduled,51199.24974411463,25851.48165374677,0.504919149849816,0.5009096728071974,0.5078094662605154
msc5/s64/c67108864/strict,64,strict,67108864,clifft-scheduled,1565966.28125,1207729.1904761905,0.7712357570765482,0.7582827363239043,0.8077860392947078
msc5/s1024/c67108864/strict,1024,strict,67108864,clifft-scheduled,25353562.5,18918388.666666668,0.7461826584199625,0.7294321117585828,0.7663898481857714
msc5/s8/c67108864/strict,8,strict,67108864,clifft-scheduled,444448.0530973451,195320.9765625,0.4394686290137036,0.43539147086035057,0.4412731414695539
msc5/s32/c67108864/strict,32,strict,67108864,clifft-scheduled,832508.8196721311,660325.2105263158,0.7931750330121107,0.7904340232760536,0.7965170238431518
msc5/s63/c67108864/strict,63,strict,67108864,clifft-scheduled,1753681.0344827587,1214675.5238095238,0.6926433598386879,0.6678764567366157,0.6949544291239086
msc5/s65/c67108864/strict,65,strict,67108864,clifft-scheduled,1742777.2758620689,1258620.675,0.7221924983945067,0.7172866874851433,0.7239797749691679
msc5/s256/c67108864/strict,256,strict,67108864,clifft-scheduled,6356942.625,4819087.454545454,0.7580825781867827,0.7540341911359753,0.7772172246588391
msc5/s4096/c67108864/strict,4096,strict,67108864,clifft-scheduled,102597708.0,78931750.0,0.7693324884021776,0.7631375476999248,0.803955067215951
terminal/s1/c67108864/strict,1,strict,67108864,symft,247.86296691039783,1555.465297869031,6.275505039166783,6.2364667246506125,6.321272917846665
terminal/s8/c67108864/strict,8,strict,67108864,clifft-scheduled,1930.0005017948818,2373.5158074622614,1.2298006167640447,1.1973848625576593,1.2448694554969788
terminal/s32/c67108864/strict,32,strict,67108864,clifft-scheduled,2220.857555298925,3522.405142655865,1.5860563115592314,1.5710669746104977,1.6008016026450804
terminal/s63/c67108864/strict,63,strict,67108864,clifft,3852.5555127513676,4985.671652208595,1.2941206520468782,1.2835842945890665,1.3388399096689771
terminal/s64/c67108864/strict,64,strict,67108864,clifft-scheduled,3884.422545059043,4998.505548335499,1.2868078820862476,1.2790674682082217,1.3487852005526182
terminal/s65/c67108864/strict,65,strict,67108864,clifft,4451.485800765601,5121.813581890812,1.1505851778769962,1.132187252448371,1.1714345210208155
terminal/s256/c67108864/strict,256,strict,67108864,clifft-scheduled,15503.681339119652,14236.296043267863,0.9182526221914882,0.8948419670303258,0.9268340917565261
terminal/s1024/c67108864/strict,1024,strict,67108864,clifft-scheduled,61907.455445544554,50876.23702950153,0.8218111480006414,0.8193734192888665,0.8261902903391337
terminal/s4096/c67108864/strict,4096,strict,67108864,clifft,246244.94607843139,196653.90980392156,0.7986109479026035,0.7949695191955076,0.8085841482943421
msc3/s1/c67108864/strict,1,strict,67108864,clifft-scheduled,1709.8583592654652,2347.5538288182543,1.37295221916904,1.033440948178237,1.3996979432985537
msc3/s8/c67108864/strict,8,strict,67108864,clifft,13775.746280991736,7327.380128956624,0.5319044049952635,0.5235179914638217,0.5379163895049804
msc3/s32/c67108864/strict,32,strict,67108864,symft,10163.720731707317,12618.03002775675,1.2414774432352151,1.2037586913294898,1.2691282814472011
msc3/s63/c67108864/strict,63,strict,67108864,symft,19280.48303777949,20345.77746135069,1.0552524758577777,0.9956560073536922,1.0896445712342988
msc3/s64/c67108864/strict,64,strict,67108864,symft,14802.886619301362,18385.055882352943,1.2419912652969198,1.1758310162040109,1.2619662101831894
msc3/s65/c67108864/strict,65,strict,67108864,clifft,16240.197466709971,21466.836909871243,1.3218334908719624,1.31258846626948,1.3328050837624703
msc3/s256/c67108864/strict,256,strict,67108864,clifft,58669.73856975381,58330.05944055944,0.9942103180025164,0.9924942197162123,1.021998449203603
msc3/s1024/c67108864/strict,1024,strict,67108864,clifft,233947.9719626168,223586.32589285713,0.95570961362548,0.9524445270384683,0.9605383157542203
msc3/s4096/c67108864/strict,4096,strict,67108864,clifft,945799.4528301887,894703.8392857143,0.9459762707711693,0.9265879442762471,0.9721754506766354
qec32/s1/c67108864/strict,1,strict,67108864,clifft-scheduled,739.0005911999882,1944.292335808998,2.6309753455702363,2.6064416661051015,2.6555850514350943
qec32/s8/c67108864/strict,8,strict,67108864,symft,5770.554875937681,3691.7641021854697,0.6397589454663284,0.6248706094715129,0.6576429964857906
qec32/s32/c67108864/strict,32,strict,67108864,clifft-scheduled,4316.211394044022,6871.921660252886,1.5921188822529662,1.5708697728718088,1.5921188822529662
qec32/s63/c67108864/strict,63,strict,67108864,clifft-scheduled,7271.297222626145,10744.699398366996,1.4776867276079213,1.4488536474125429,1.4955458615300241
qec32/s64/c67108864/strict,64,strict,67108864,clifft,5733.005847282733,10627.125611052072,1.853674301778185,1.8208103048705542,1.8887711647466021
qec32/s65/c67108864/strict,65,strict,67108864,clifft-scheduled,7040.735426640383,11372.151694337048,1.615193726966031,1.516839960320228,1.642037872337691
qec32/s256/c67108864/strict,256,strict,67108864,clifft-scheduled,23092.377192982458,35446.28844790928,1.5349778912619292,1.5089318477099838,1.5414468722900445
qec32/s1024/c67108864/strict,1024,strict,67108864,clifft-scheduled,94433.4962264151,135512.8970189702,1.4350087885559435,1.4214993427031917,1.4682897875925762
qec32/s4096/c67108864/strict,4096,strict,67108864,clifft-scheduled,362615.9492753623,515208.7448979592,1.4208110424473397,0.8423546549908703,1.4272836182687907
msc5/s1/c67108864/fused,1,fused,67108864,clifft-scheduled,33626.48723118279,26652.49040511727,0.7926040630375945,0.7776826989858121,0.9333880708562171
msc5/s64/c67108864/fused,64,fused,67108864,clifft-scheduled,1482830.8235294118,1263924.0,0.8523723542457978,0.6060930762469817,0.9316879010385116
msc5/s1024/c67108864/fused,1024,fused,67108864,clifft-scheduled,24393124.666666668,21848305.666666668,0.8956747429952052,0.8674921030187691,0.9262507738079564
msc5/s8/c67108864/fused,8,fused,67108864,clifft-scheduled,306900.0981595092,205533.8893442623,0.6697094284976002,0.6576076264085062,0.7120180878797664
msc5/s32/c67108864/fused,32,fused,67108864,clifft-scheduled,815991.8548387097,677926.2432432432,0.8308002576536052,0.8216439022656311,0.8368455884509743
msc5/s63/c67108864/fused,63,fused,67108864,clifft-scheduled,1744382.1724137932,1213256.0952380951,0.6955219529440897,0.6935557003274255,0.6967104894572168
msc5/s65/c67108864/fused,65,fused,67108864,clifft-scheduled,1554263.9090909092,1259369.8,0.8102676724550639,0.7743525997630135,0.8143742796295078
msc5/s256/c67108864/fused,256,fused,67108864,clifft-scheduled,5356625.1,4804628.818181818,0.8969507345551995,0.8915725860496772,0.9112933540165501
msc5/s4096/c67108864/fused,4096,fused,67108864,clifft,85064334.0,74627041.0,0.8773011847715165,0.8672100239012588,0.9061799646238584
terminal/s1/c67108864/fused,1,fused,67108864,symft,244.79754321888265,1537.12868517323,6.279183463041644,6.149089050990187,6.343251310865724
terminal/s8/c67108864/fused,8,fused,67108864,clifft,1890.1064867316852,2325.3675472049113,1.230283882695872,1.2163166697865178,1.258727466947561
terminal/s32/c67108864/fused,32,fused,67108864,clifft-scheduled,2237.005905511811,3442.2252512735786,1.5387644899784125,1.5192118917373332,1.5836190078395296
terminal/s63/c67108864/fused,63,fused,67108864,clifft-scheduled,3886.97559079602,5023.735758062896,1.292453641838815,1.2788840097587106,1.3133961005026797
terminal/s64/c67108864/fused,64,fused,67108864,clifft,3975.4505485768805,5064.718829129951,1.2739986995795993,1.233637969097839,1.2952325678886372
terminal/s65/c67108864/fused,65,fused,67108864,clifft-scheduled,4446.936054784774,4975.798387899294,1.1189273528108143,1.1056877854112113,1.1610108663329581
terminal/s256/c67108864/fused,256,fused,67108864,clifft-scheduled,15401.427779488758,14211.522875816994,0.9227406107597083,0.9030137683767425,0.9393872080111093
terminal/s1024/c67108864/fused,1024,fused,67108864,clifft-scheduled,61195.63936430318,50043.617,0.8177644276593928,0.8030402825279938,0.8344665799523272
terminal/s4096/c67108864/fused,4096,fused,67108864,clifft,245108.3756097561,194508.7015503876,0.7935620358403025,0.7800220737639387,0.7992784814710393
msc3/s1/c67108864/fused,1,fused,67108864,clifft-scheduled,1665.8438780609695,2306.351291512915,1.3844942625700865,1.375672314677004,1.4022368437923092
msc3/s8/c67108864/fused,8,fused,67108864,clifft-scheduled,13120.750459197061,7042.422253521127,0.5367392875446925,0.5319602546477374,0.7724750394593816
msc3/s32/c67108864/fused,32,fused,67108864,symft,9903.53971083383,12490.301448551449,1.261195674803815,1.2274986833403407,1.6369168133663963
msc3/s63/c67108864/fused,63,fused,67108864,symft,17296.762365963335,17727.528890464375,1.0249044598860133,1.0011759823609594,1.0310510379171938
msc3/s64/c67108864/fused,64,fused,67108864,symft,14407.52780178623,17794.0615658363,1.2350530785462175,1.210665333519762,1.241848902269829
msc3/s65/c67108864/fused,65,fused,67108864,clifft,16115.209474701902,21315.209718670078,1.3226765529874918,1.3053843978914714,1.3374764741732057
msc3/s256/c67108864/fused,256,fused,67108864,clifft,56783.04540295119,56737.24716553288,0.9991934522515777,0.9963446566568107,1.0060337582583345
msc3/s1024/c67108864/fused,1024,fused,67108864,clifft,226475.89140271494,219685.29385964913,0.9700162454334227,0.9600453369698771,0.998567574638049
msc3/s4096/c67108864/fused,4096,fused,67108864,clifft,904743.9821428572,866898.1034482758,0.9581695159718614,0.9549284323359811,0.9601087042688607
qec32/s1/c67108864/fused,1,fused,67108864,clifft,723.1407951636463,1924.3278556034484,2.661069418947626,2.6192082201503255,2.678905901656047
qec32/s8/c67108864/fused,8,fused,67108864,symft,5736.4735574165425,3652.4937910883855,0.6367141336102157,0.6322728213775147,0.7631211249320801
qec32/s32/c67108864/fused,32,fused,67108864,clifft,4284.397052523348,6835.997812713602,1.595556557646182,1.5636920400013254,1.6146219827083685
qec32/s63/c67108864/fused,63,fused,67108864,clifft-scheduled,7108.486352004549,10600.602713589145,1.49126019079995,1.4743761112035167,1.5009763555525366
qec32/s64/c67108864/fused,64,fused,67108864,clifft,5712.941048783275,10646.667447306792,1.8636053402956587,1.8534848854658592,1.8758532509812549
qec32/s65/c67108864/fused,65,fused,67108864,clifft-scheduled,6745.717523269931,10901.1530412034,1.6160108993000284,1.607467969589446,1.6304312417090971
qec32/s256/c67108864/fused,256,fused,67108864,clifft-scheduled,22693.34392014519,34532.05317679558,1.5216820094169115,1.5015838320094719,1.5423394925389515
qec32/s1024/c67108864/fused,1024,fused,67108864,clifft,91580.78754578755,130436.9609375,1.4242830230334673,1.4002176808001983,1.4463994096491586
qec32/s4096/c67108864/fused,4096,fused,67108864,clifft,361522.1654676259,510665.35714285716,1.412542316685661,1.4044634993004776,1.420752444938536
