distance,rounds,physical_error_rate,shots,seed,logical_failures,logical_error_rate_per_shot,logical_error_rate_per_round
3,9,0.008,10000,386,1008,0.1008,0.012352930602292549
3,9,0.009,10000,387,1269,0.1269,0.016002844451308156
3,9,0.01,10000,388,1529,0.1529,0.019871834885501222
3,9,0.011,10000,389,1778,0.1778,0.023826674302491694
3,9,0.012,10000,390,2006,0.2006,0.027693919505355172
5,15,0.008,10000,586,1462,0.1462,0.011397303660568698
5,15,0.009,10000,587,1814,0.1814,0.014798961045361127
5,15,0.01,10000,588,2184,0.2184,0.018775739187208214
5,15,0.011,10000,589,2661,0.2661,0.024693209587507425
5,15,0.012,10000,590,2987,0.2987,0.029425644925644732
7,21,0.008,10000,786,1579,0.1579,0.008954676813972487
7,21,0.009,10000,787,2118,0.2118,0.012947353213444798
7,21,0.01,10000,788,2750,0.275,0.01865516669275108
7,21,0.011,10000,789,3212,0.3212,0.02389447741261811
7,21,0.012,10000,790,3679,0.3679,0.030708167957661844
