history,arithmetic,cache_budget_bytes,backend,total_shots,compile_ns,prepare_ns,sampling_ns,phase_sum_ns,peak_rss_bytes,cache_reserved_bytes
single,strict,0,rstim,1,19937351,271,96060,20035045,290177024,0
single,strict,1048576,rstim,1,20055324,21570,146866,20231165,290177024,1037904
single,strict,16777216,rstim,1,20033933,21080,156474,20327205,290177024,1142768
single,strict,67108864,rstim,1,20245491,21180,153850,20414618,290177024,1142768
single,strict,,clifft,1,14359174,0,65152,14428163,290177024,0
single,strict,,clifft-scheduled,1,20564469,0,70552,20649348,290177024,0
single,strict,,symft,1,20054161,0,168386,20228409,290177024,0
batch-once,strict,0,rstim,1024,20193133,311,45618054,65876128,293343232,0
batch-once,strict,1048576,rstim,1024,20073258,25307,49060841,69705743,293343232,1042544
batch-once,strict,16777216,rstim,1024,20551656,25698,56207205,76942606,293343232,16769392
batch-once,strict,67108864,rstim,1024,20133471,24747,81359675,101710865,293343232,67107568
batch-once,strict,,clifft,1024,14697690,0,29846207,44570737,293343232,0
batch-once,strict,,clifft-scheduled,1024,20868341,0,29119400,49995236,293343232,0
batch-once,strict,,symft,1024,20644230,0,31807901,52421202,293343232,0
batch-repeat,strict,0,rstim,8192,20395753,381,355155491,375852539,296632320,0
batch-repeat,strict,1048576,rstim,8192,20505008,26951,366077593,387833665,296632320,1042544
batch-repeat,strict,16777216,rstim,8192,20700245,26620,367109000,387525612,296632320,16769392
batch-repeat,strict,67108864,rstim,8192,20445186,24587,396279230,417809146,296632320,67107568
batch-repeat,strict,,clifft,8192,14659928,0,239137048,253824913,296632320,0
batch-repeat,strict,,clifft-scheduled,8192,20522041,0,233716285,254855555,296632320,0
batch-repeat,strict,,symft,8192,20595468,0,288691405,308955110,296632320,0
small-repeat,strict,0,rstim,2048,20103033,321,91032063,111895789,296640512,0
small-repeat,strict,1048576,rstim,2048,20212489,25939,91981987,112085712,296640512,1042544
small-repeat,strict,16777216,rstim,2048,20652936,25698,102752313,123402968,296640512,16769392
small-repeat,strict,67108864,rstim,2048,20660088,25988,103474118,124066130,296640512,67107568
small-repeat,strict,,clifft,2048,14763082,0,60498374,75343059,296640512,0
small-repeat,strict,,clifft-scheduled,2048,20254157,0,58402072,79146652,296640512,0
small-repeat,strict,,symft,2048,20673414,0,65088257,86017676,296640512,0
scalar-to-batch,strict,0,rstim,1025,20299393,291,46540726,66656244,304001024,0
scalar-to-batch,strict,1048576,rstim,1025,20172625,24516,48732494,69132386,304001024,1048560
scalar-to-batch,strict,16777216,rstim,1025,20188905,26349,56281664,76598030,304001024,16769296
scalar-to-batch,strict,67108864,rstim,1025,20388820,23875,81042769,101421679,304001024,67106448
scalar-to-batch,strict,,clifft,1025,14554901,0,30089282,44780490,304001024,0
scalar-to-batch,strict,,clifft-scheduled,1025,20106189,0,29329024,49655738,304001024,0
scalar-to-batch,strict,,symft,1025,20859214,0,34009796,55090588,304001024,0
batch-to-scalar,strict,0,rstim,1025,20189145,310,46848085,67043210,328724480,0
batch-to-scalar,strict,1048576,rstim,1025,20297408,28614,47462989,68078815,328724480,1042544
batch-to-scalar,strict,16777216,rstim,1025,20368492,24576,56650266,77140760,328724480,16769392
batch-to-scalar,strict,67108864,rstim,1025,20237055,23825,81064278,101547144,328724480,67107568
batch-to-scalar,strict,,clifft,1025,14474019,0,29834153,44527565,328724480,0
batch-to-scalar,strict,,clifft-scheduled,1025,20074069,0,28960191,49320609,328724480,0
batch-to-scalar,strict,,symft,1025,20579197,0,34034943,54819837,328724480,0
mixed,strict,0,rstim,1219,20321073,310,55535936,76622085,337371136,0
mixed,strict,1048576,rstim,1219,20327845,28474,57259392,77965108,337371136,1048560
mixed,strict,16777216,rstim,1219,20325862,25268,65692222,86100938,337371136,16770320
mixed,strict,67108864,rstim,1219,20292951,25007,62549841,82809359,337371136,67106448
mixed,strict,,clifft,1219,14623700,0,35527409,50343830,337371136,0
mixed,strict,,clifft-scheduled,1219,20797478,0,34687812,55445985,337371136,0
mixed,strict,,symft,1219,21066975,0,45526222,66500509,337371136,0
structured-repeat,strict,0,rstim,512,20440247,331,34082225,54660671,367169536,0
structured-repeat,strict,1048576,rstim,512,20610226,24927,34424164,55099723,367169536,1048336
structured-repeat,strict,16777216,rstim,512,20560233,27011,35028450,55787395,367169536,16777200
structured-repeat,strict,67108864,rstim,512,20401103,26330,37581044,57921735,367169536,67108848
structured-repeat,strict,,clifft,512,14848192,0,15240972,30105044,367169536,0
structured-repeat,strict,,clifft-scheduled,512,20439865,0,14846039,35160949,367169536,0
structured-repeat,strict,,symft,512,20923274,0,17011025,38850319,367169536,0
single,fused,0,rstim,1,20164871,311,103244,20265810,367169536,0
single,fused,1048576,rstim,1,20419068,23725,175149,20701227,367169536,1037904
single,fused,16777216,rstim,1,20185529,23254,166443,20376769,367169536,1142768
single,fused,67108864,rstim,1,20379894,23314,175710,20584728,367169536,1142768
single,fused,,clifft,1,14600567,0,79920,14685346,367169536,0
single,fused,,clifft-scheduled,1,20744348,0,84428,20827614,367169536,0
single,fused,,symft,1,20231826,0,177734,20406575,367169536,0
batch-once,fused,0,rstim,1024,20569680,331,32882079,53529354,367169536,0
batch-once,fused,1048576,rstim,1024,20087875,25287,36997149,57546420,367169536,1042544
batch-once,fused,16777216,rstim,1024,20279064,24907,44421024,64961428,367169536,16769392
batch-once,fused,67108864,rstim,1024,20214292,27422,70194440,90709457,367169536,67106288
batch-once,fused,,clifft,1024,14690356,0,30147943,44911036,367169536,0
batch-once,fused,,clifft-scheduled,1024,20919146,0,29282146,50059266,367169536,0
batch-once,fused,,symft,1024,20480883,0,32133983,52812107,367169536,0
batch-repeat,fused,0,rstim,8192,20571113,360,252291456,272469519,367169536,0
batch-repeat,fused,1048576,rstim,8192,20476064,27602,259488685,279729437,367169536,1042544
batch-repeat,fused,16777216,rstim,8192,20917015,25889,265459102,286186114,367169536,16769392
batch-repeat,fused,67108864,rstim,8192,20438162,25278,297321421,317873718,367169536,67106288
batch-repeat,fused,,clifft,8192,14770216,0,240986269,256431813,367169536,0
batch-repeat,fused,,clifft-scheduled,8192,20222087,0,233792576,254632583,367169536,0
batch-repeat,fused,,symft,8192,20696889,0,268401939,289375267,367169536,0
small-repeat,fused,0,rstim,2048,20252919,361,64891622,85630169,367693824,0
small-repeat,fused,1048576,rstim,2048,20199680,26290,68020620,88280798,367693824,1042544
small-repeat,fused,16777216,rstim,2048,20357363,27532,77590270,97902212,367693824,16769392
small-repeat,fused,67108864,rstim,2048,20584710,26550,79774765,100275976,367693824,67106288
small-repeat,fused,,clifft,2048,14657918,0,60083978,74796510,367693824,0
small-repeat,fused,,clifft-scheduled,2048,20326865,0,58741538,79491374,367693824,0
small-repeat,fused,,symft,2048,20658792,0,65459855,86007063,367693824,0
scalar-to-batch,fused,0,rstim,1025,20313713,321,33344749,53541731,398295040,0
scalar-to-batch,fused,1048576,rstim,1025,20105287,25778,36994548,57283930,398295040,1048560
scalar-to-batch,fused,16777216,rstim,1025,20133605,26861,44284304,64422448,398295040,16769296
scalar-to-batch,fused,67108864,rstim,1025,20078751,23724,69664143,90054495,398426112,67105168
scalar-to-batch,fused,,clifft,1025,14650055,0,30045533,44867939,398295040,0
scalar-to-batch,fused,,clifft-scheduled,1025,20281440,0,29327062,49803520,398295040,0
scalar-to-batch,fused,,symft,1025,20914199,0,33926293,54997918,398295040,0
batch-to-scalar,fused,0,rstim,1025,20341831,321,33640639,54101053,398426112,0
batch-to-scalar,fused,1048576,rstim,1025,20253737,28794,35995387,56256938,398426112,1042544
batch-to-scalar,fused,16777216,rstim,1025,20402174,25027,44563923,65135477,398426112,16769392
batch-to-scalar,fused,67108864,rstim,1025,20324269,25959,70289239,90796811,398426112,67106288
batch-to-scalar,fused,,clifft,1025,14601048,0,30011176,44632323,398426112,0
batch-to-scalar,fused,,clifft-scheduled,1025,20183414,0,29475059,49844264,398426112,0
batch-to-scalar,fused,,symft,1025,20760688,0,33939866,54833484,398426112,0
mixed,fused,0,rstim,1219,20175789,320,39990650,60373986,428085248,0
mixed,fused,1048576,rstim,1219,20466625,28684,43056621,63563701,428085248,1048560
mixed,fused,16777216,rstim,1219,20363633,27151,50549084,71104067,428085248,16770320
mixed,fused,67108864,rstim,1219,20279703,25217,49680194,69635575,428085248,67105168
mixed,fused,,clifft,1219,14627798,0,35640650,50355528,428085248,0
mixed,fused,,clifft-scheduled,1219,20795794,0,34904454,55646801,428085248,0
mixed,fused,,symft,1219,21038150,0,45732698,66770848,428085248,0
structured-repeat,fused,0,rstim,512,20234531,291,35108514,55363008,457760768,0
structured-repeat,fused,1048576,rstim,512,20172805,23184,34856038,55052868,457760768,1048336
structured-repeat,fused,16777216,rstim,512,20233945,25097,35777608,56141223,457760768,16777200
structured-repeat,fused,67108864,rstim,512,20352132,23464,38213284,58240825,457760768,67108848
structured-repeat,fused,,clifft,512,14619136,0,15156172,29926209,457760768,0
structured-repeat,fused,,clifft-scheduled,512,20254538,0,14652217,35035321,457760768,0
structured-repeat,fused,,symft,512,20539258,0,16970151,38271403,457760768,0
