input,arithmetic,status,error,input_sha256
coherent_d3_r1,strict,unsupported,near-Clifford unsupported gate R_Z,9b439238478b15977829c1015ee47dfe401976b3882092d9560ba321fb0f510a
coherent_d3_r1,fused,unsupported,near-Clifford unsupported gate R_Z,9b439238478b15977829c1015ee47dfe401976b3882092d9560ba321fb0f510a
coherent_d3_r3,strict,unsupported,near-Clifford unsupported gate R_Z,87d1308c83894e87c60aeb2dc31b74be89b3460a951929951f2c3ac92606827d
coherent_d3_r3,fused,unsupported,near-Clifford unsupported gate R_Z,87d1308c83894e87c60aeb2dc31b74be89b3460a951929951f2c3ac92606827d
coherent_d5_r1,strict,unsupported,near-Clifford unsupported gate R_Z,2707188abe8912f693fe4f910db8c4b6bd795c71a8fba38cc153da90ee5910b8
coherent_d5_r1,fused,unsupported,near-Clifford unsupported gate R_Z,2707188abe8912f693fe4f910db8c4b6bd795c71a8fba38cc153da90ee5910b8
coherent_d5_r5,strict,unsupported,near-Clifford unsupported gate R_Z,54088bbd5f06b441596e414f9fa99d8eeaff8a4a1a862b911e0ad40092c5e549
coherent_d5_r5,fused,unsupported,near-Clifford unsupported gate R_Z,54088bbd5f06b441596e414f9fa99d8eeaff8a4a1a862b911e0ad40092c5e549
distillation,strict,unsupported,near-Clifford unsupported gate R_X,188bd53c48dbc21f840fb297df6f41c61f5bad6a856bba621f00ff42078921c1
distillation,fused,unsupported,near-Clifford unsupported gate R_X,188bd53c48dbc21f840fb297df6f41c61f5bad6a856bba621f00ff42078921c1
msc_d3_inject_cultivate_p1e-3,strict,ok,,90a7d841e003e5ee38137cd9a3eb6529bb552e49c424bc6b0932a27d97cdb41f
msc_d3_inject_cultivate_p1e-3,fused,ok,,90a7d841e003e5ee38137cd9a3eb6529bb552e49c424bc6b0932a27d97cdb41f
msc_d5_inject_cultivate_p1e-3,strict,ok,,c2b4566917bd9bf27a5705284dac02700ef0dcc7c03c91066670db376d633a6d
msc_d5_inject_cultivate_p1e-3,fused,ok,,c2b4566917bd9bf27a5705284dac02700ef0dcc7c03c91066670db376d633a6d
pure_surface_d7_r7_p1e-3,strict,ok,,30d1940101d70e05a63f0d2f877756ffaeaba7e8e17e94cd2ea40fce04b99583
pure_surface_d7_r7_p1e-3,fused,ok,,30d1940101d70e05a63f0d2f877756ffaeaba7e8e17e94cd2ea40fce04b99583
quantum_volume_q10_seed42,strict,unsupported,near-Clifford unsupported gate U3,faf7fbf3bf4048c1c7a0f9954cc14160e74d48ebc8972b41cf3c6bc07c697f6a
quantum_volume_q10_seed42,fused,unsupported,near-Clifford unsupported gate U3,faf7fbf3bf4048c1c7a0f9954cc14160e74d48ebc8972b41cf3c6bc07c697f6a
quantum_volume_q20_seed42,strict,unsupported,near-Clifford unsupported gate U3,b9bbbe939ce4c1754b6bac936c04b2c4ce572657831fef6a7bc5c3054f81ce53
quantum_volume_q20_seed42,fused,unsupported,near-Clifford unsupported gate U3,b9bbbe939ce4c1754b6bac936c04b2c4ce572657831fef6a7bc5c3054f81ce53
pure_surface_d9_r9_p1e-3,strict,ok,,8d93c8ab2ad82edcf7850981dee62a4de88cfe58782d86e68fe1eaeb6b8d777c
pure_surface_d9_r9_p1e-3,fused,ok,,8d93c8ab2ad82edcf7850981dee62a4de88cfe58782d86e68fe1eaeb6b8d777c
