id,backend,shots,arithmetic,cache_budget_bytes,warm_ns,process_min_ns,process_max_ns,attempted_shots_per_s,accepted_shots_per_s,acceptance_rate,compile_ns,prepare_ns,first_ns,activity_metric,activity_value,active_components,peak_rss_bytes,cache_reserved_bytes
msc_d3_inject_cultivate_p1e-3/1/strict,rstim,1,strict,,858.7810143757622,854.1777026103595,866.1656792433218,1164441.2059189365,799004.0401996217,0.686913867723854,1388125,792,9375,peak_active_rank,4,,6979584,4480496
msc_d3_inject_cultivate_p1e-3/1/strict,clifft,1,strict,,2893.8283465478326,2877.9848048808562,2905.1595491255594,345562.9983004836,238096.88839400353,0.6877681073173151,2206833,0,687209,peak_active_width,4,,38944768,
msc_d3_inject_cultivate_p1e-3/1/strict,clifft-scheduled,1,strict,,2845.0836415362733,2807.2994778507664,2892.3771041823334,351483.51542312664,241268.73791199224,0.6880688345867725,3126583,0,709834,peak_active_width,4,,39550976,
msc_d3_inject_cultivate_p1e-3/1/strict,symft,1,strict,,4550.778667637423,4497.7680129531345,5334.110305099211,219742.61396438314,150488.5005063591,0.6880036959088343,2190375,0,17917,max_active_qubits,4,False,38141952,
msc_d3_inject_cultivate_p1e-3/1/fused,rstim,1,fused,,856.4434490673335,854.4347818657188,858.5972009959646,1167619.416190292,800759.749769521,0.6869676560093817,1377792,792,8666,peak_active_rank,4,,6766592,4488720
msc_d3_inject_cultivate_p1e-3/1/fused,clifft,1,fused,,2922.599158337717,2844.993854907539,2932.2536359371334,342161.18797788495,236177.4702721566,0.6877685881717301,2213792,0,676834,peak_active_width,4,,38977536,
msc_d3_inject_cultivate_p1e-3/1/fused,clifft-scheduled,1,fused,,2871.9321654221712,2817.6608813253692,2939.926505174036,348197.63922000607,240392.74769422028,0.6880664715894322,3175500,0,712667,peak_active_width,4,,39600128,
msc_d3_inject_cultivate_p1e-3/1/fused,symft,1,fused,,4564.621781997444,4466.34435015632,4575.907476892102,219076.20121867087,150519.2656103205,0.6879049818541736,2169500,0,16042,max_active_qubits,4,False,38158336,
msc_d3_inject_cultivate_p1e-3/64/strict,rstim,64,strict,,12977.05709836491,12895.78004125838,13037.36079249218,4931780.719995745,3374859.7298242296,0.6867764853056499,1406708,708,51209,peak_active_rank,4,,9191424,7723760
msc_d3_inject_cultivate_p1e-3/64/strict,clifft,64,strict,,19381.142248062017,19240.043093497497,19386.72403100775,3302178.9521409436,2266562.924573705,0.686618292446561,2228167,0,741667,peak_active_width,4,,38961152,
msc_d3_inject_cultivate_p1e-3/64/strict,clifft-scheduled,64,strict,,19558.677356276887,19442.930793157077,19707.177304964538,3272204.9059958924,2245688.933517499,0.6866448397185301,3133625,0,694042,peak_active_width,4,,39550976,
msc_d3_inject_cultivate_p1e-3/64/strict,symft,64,strict,,24670.800690675875,24589.45919370698,25953.76076803321,2594159.8249054104,1783354.0881737561,0.6875671829844223,2211084,0,37917,max_active_qubits,4,False,38223872,
msc_d3_inject_cultivate_p1e-3/64/fused,rstim,64,fused,,12933.046030514612,12883.268933539413,12988.202597402598,4948563.536308191,3393955.6951892395,0.6867741428412916,1387000,708,48083,peak_active_rank,4,,9175040,7723664
msc_d3_inject_cultivate_p1e-3/64/fused,clifft,64,fused,,19364.50948509485,19323.108191653788,19414.72903726708,3305015.2935328283,2267881.89914031,0.6866282448663309,2235667,0,696667,peak_active_width,4,,38944768,
msc_d3_inject_cultivate_p1e-3/64/fused,clifft-scheduled,64,fused,,19600.892983143865,19425.602175602176,20022.106885508405,3265157.3606895325,2235942.7591432296,0.6866445710686061,3117958,0,688916,peak_active_width,4,,39501824,
msc_d3_inject_cultivate_p1e-3/64/fused,symft,64,fused,,24618.336122047243,24543.36211972522,25905.432418436045,2599688.2844849955,1784199.4012970407,0.6876023495906016,2198041,0,36667,max_active_qubits,4,False,38256640,
msc_d3_inject_cultivate_p1e-3/1024/strict,rstim,1024,strict,,203925.47154471546,203420.5894308943,204599.6530612245,5021442.3546175985,3440419.094014823,0.6867308790989554,1377500,792,310916,peak_active_rank,4,,9142272,7624400
msc_d3_inject_cultivate_p1e-3/1024/strict,clifft,1024,strict,,202859.63562753037,202595.7894736842,213837.38034188034,5047825.294728231,3469937.703888803,0.687220014450867,2221750,0,901334,peak_active_width,4,,38912000,
msc_d3_inject_cultivate_p1e-3/1024/strict,clifft-scheduled,1024,strict,,202976.020242915,202508.41295546558,204179.7306122449,5044930.917329597,3463862.45409252,0.6872267882947977,3144125,0,891667,peak_active_width,4,,39485440,
msc_d3_inject_cultivate_p1e-3/1024/strict,symft,1024,strict,,341026.91156462586,339657.95945945947,342370.49659863947,3002695.5799526344,2061275.8349231803,0.6867064244538835,2195917,0,359458,max_active_qubits,4,False,38338560,
msc_d3_inject_cultivate_p1e-3/1024/fused,rstim,1024,fused,,203731.22357723577,202715.05668016194,205149.3975409836,5026230.059487152,3446427.7289415332,0.6867324980002909,1362708,750,307416,peak_active_rank,4,,9142272,7620176
msc_d3_inject_cultivate_p1e-3/1024/fused,clifft,1024,fused,,202574.71255060728,201608.1285140562,203602.46341463414,5054925.104455888,3469764.911982829,0.6872320235774119,2199084,0,901667,peak_active_width,4,,39075840,
msc_d3_inject_cultivate_p1e-3/1024/fused,clifft-scheduled,1024,fused,,203045.55870445343,202681.82591093116,203882.79268292684,5043203.143834835,3465573.571627912,0.6872078224464699,3134375,0,887750,peak_active_width,4,,39452672,
msc_d3_inject_cultivate_p1e-3/1024/fused,symft,1024,fused,,340099.66891891893,339861.1824324324,341453.8163265306,3010882.0842284486,2061604.076491951,0.6867286296206225,2196667,0,360000,max_active_qubits,4,False,38273024,
msc_d5_inject_cultivate_p1e-3/1/strict,rstim,1,strict,,7382.2147918511955,7136.839851555809,7407.743111111111,135460.70226835486,19025.213469050253,0.14301806680819723,13424208,5542,9459,peak_active_rank,10,,74350592,67108856
msc_d5_inject_cultivate_p1e-3/1/strict,clifft,1,strict,,9640.01368806632,9513.869863013699,9883.720695789681,103734.2925392245,15092.872091810776,0.14576699242341057,21808417,0,715667,peak_active_width,10,,50364416,
msc_d5_inject_cultivate_p1e-3/1/strict,clifft-scheduled,1,strict,,8923.731311329171,8799.108041527363,8996.748110831235,112060.74736141424,16270.210351050115,0.14526818742293465,28956375,0,755750,peak_active_width,10,,53379072,
msc_d5_inject_cultivate_p1e-3/1/strict,symft,1,strict,,29176.28471411902,28477.458997722097,37405.52242152466,34274.41189988384,5027.194336408563,0.14658116098942284,26500542,0,55042,max_active_qubits,10,False,45367296,
msc_d5_inject_cultivate_p1e-3/1/fused,rstim,1,fused,,5204.599666909545,5125.074415744158,5449.99651226158,192137.73661746265,27108.83789597159,0.14275613058522643,13061334,6500,9333,peak_active_rank,10,,75120640,67108856
msc_d5_inject_cultivate_p1e-3/1/fused,clifft,1,fused,,9462.831220435193,9319.19996272829,9790.950655962404,105676.61799150321,15378.16639531426,0.14539601817788358,21153708,0,674750,peak_active_width,10,,50364416,
msc_d5_inject_cultivate_p1e-3/1/fused,clifft-scheduled,1,fused,,8514.100289460242,8495.0249745158,8843.885744605588,117452.22231383837,16940.39521942047,0.14529936241014046,27498708,0,729041,peak_active_width,10,,53657600,
msc_d5_inject_cultivate_p1e-3/1/fused,symft,1,fused,,28180.365070422537,27971.362975391497,35222.15985915493,35485.70068205316,5207.110982715377,0.14652894547201537,26069459,0,51250,max_active_qubits,10,False,45236224,
msc_d5_inject_cultivate_p1e-3/64/strict,rstim,64,strict,,419583.69166666665,416928.8416666667,421338.56666666665,152532.1438156468,22034.863097159407,0.14442869928400956,13148208,5583,1973250,peak_active_rank,10,,76726272,67108632
msc_d5_inject_cultivate_p1e-3/64/strict,clifft,64,strict,,427231.6525423729,426449.1440677966,427884.1779661017,149801.63482538896,21145.88925689692,0.1413853406326034,21146875,0,1120708,peak_active_width,10,,49971200,
msc_d5_inject_cultivate_p1e-3/64/strict,clifft-scheduled,64,strict,,370605.2148148148,369172.73529411765,372474.64444444445,172690.50040750162,24218.812683970085,0.13967305672268907,27247708,0,1096292,peak_active_width,10,,53657600,
msc_d5_inject_cultivate_p1e-3/64/strict,symft,64,strict,,427332.27118644066,426771.906779661,428405.71186440677,149766.3628873876,21473.293591968843,0.14285714285714285,25960875,0,380417,max_active_qubits,10,False,46415872,
msc_d5_inject_cultivate_p1e-3/64/fused,rstim,64,fused,,292253.4011627907,291192.31395348837,294662.0,218988.04169724882,31651.40024099564,0.1450725166944908,12937167,5916,1598583,peak_active_rank,10,,76988416,67108632
msc_d5_inject_cultivate_p1e-3/64/fused,clifft,64,fused,,426951.3559322034,426227.77118644066,429416.2991452991,149899.98066703108,21190.251817657365,0.14140434914841848,21036125,0,1125209,peak_active_width,10,,49938432,
msc_d5_inject_cultivate_p1e-3/64/fused,clifft-scheduled,64,fused,,370463.5851851852,368120.4117647059,376678.8646616541,172756.52063888562,24230.620231080593,0.13967205573080968,27357250,0,1096958,peak_active_width,10,,53248000,
msc_d5_inject_cultivate_p1e-3/64/fused,symft,64,fused,,431613.9145299145,428356.6779661017,435739.1391304348,148280.66900879363,21288.1076077544,0.14289772727272726,25993667,0,389125,max_active_qubits,10,False,46448640,
msc_d5_inject_cultivate_p1e-3/1024/strict,rstim,1024,strict,,7033614.5,7032051.875,7228452.285714285,145586.59704764883,20921.00824610509,0.14462337853773585,12908625,5875,12111542,peak_active_rank,10,,76742656,67108760
msc_d5_inject_cultivate_p1e-3/1024/strict,clifft,1024,strict,,6853307.375,6815338.75,6864750.0,149416.9083580612,21255.893035275174,0.14268275669642858,21134208,0,7051250,peak_active_width,10,,49938432,
msc_d5_inject_cultivate_p1e-3/1024/strict,clifft-scheduled,1024,strict,,5910629.555555556,5857606.222222222,5922962.888888889,173247.19649153372,24862.594282953967,0.1430121527777778,27316209,0,6557959,peak_active_width,10,,53297152,
msc_d5_inject_cultivate_p1e-3/1024/strict,symft,1024,strict,,6602333.625,6576130.25,6615067.75,155096.6761392643,22191.542945233567,0.14228166852678573,25814625,0,6162083,max_active_qubits,10,False,47284224,
msc_d5_inject_cultivate_p1e-3/1024/fused,rstim,1024,fused,,5079316.8,5034216.8,5124162.3,201601.91622621374,29276.705012566115,0.1453314887152778,13002292,6208,9680292,peak_active_rank,10,,76709888,67108760
msc_d5_inject_cultivate_p1e-3/1024/fused,clifft,1024,fused,,6840000.0,6808411.5,6906192.625,149707.6023391813,21283.174947354706,0.14268275669642858,20903292,0,7009000,peak_active_width,10,,50380800,
msc_d5_inject_cultivate_p1e-3/1024/fused,clifft-scheduled,1024,fused,,5898949.111111111,5860273.222222222,5962134.333333333,173590.24136540177,24831.023686134784,0.1430121527777778,27300875,0,6488625,peak_active_width,10,,53231616,
msc_d5_inject_cultivate_p1e-3/1024/fused,symft,1024,fused,,6614593.75,6595557.25,6630072.75,154809.20502487398,22162.591387414348,0.14228166852678573,25816625,0,6146333,max_active_qubits,10,False,47284224,
pure_surface_d7_r7_p1e-3/1/strict,rstim,1,strict,,415.48478502933307,415.3324805209908,419.7907427775026,2406827.003134183,210307.37568092113,0.0876452657649076,25992583,2292,1486625,peak_active_rank,0,,8830976,140208
pure_surface_d7_r7_p1e-3/1/strict,clifft,1,strict,,3961.4730629060373,3877.1827698511165,4006.318003365115,252431.35170189067,22270.518534411203,0.08812988275729516,15557333,0,679041,peak_active_width,0,,47792128,
pure_surface_d7_r7_p1e-3/1/strict,clifft-scheduled,1,strict,,3950.4630639172,3891.484317845747,3982.600079649542,253134.88161269377,22296.2396046247,0.08806487670232908,15803584,0,654958,peak_active_width,0,,47874048,
pure_surface_d7_r7_p1e-3/1/strict,symft,1,strict,,22376.444742729305,17424.18118466899,22519.547951373257,44689.8518284468,4027.313318903822,0.08970569335560982,14322917,0,34250,max_active_qubits,0,False,44171264,
pure_surface_d7_r7_p1e-3/1/fused,rstim,1,fused,,415.50838908048365,414.08229467738863,417.92229187562685,2406690.276971281,210996.50986761326,0.08767031401656061,26026542,2375,1474083,peak_active_rank,0,,8798208,140208
pure_surface_d7_r7_p1e-3/1/fused,clifft,1,fused,,3974.011365442696,3926.936150160999,4051.3040025927726,251634.91194208054,22033.45373107283,0.0880705370947142,15501166,0,646125,peak_active_width,0,,47841280,
pure_surface_d7_r7_p1e-3/1/fused,clifft-scheduled,1,fused,,3938.925319048369,3926.512407727344,3985.615494978479,253876.35433555176,22390.405521813987,0.08816488913363527,15828458,0,689333,peak_active_width,0,,47857664,
pure_surface_d7_r7_p1e-3/1/fused,symft,1,fused,,17723.604890148832,17325.37131970904,22554.98962562021,56421.93031259808,5038.87975625259,0.08968965005197248,14192667,0,34291,max_active_qubits,0,False,44204032,
pure_surface_d7_r7_p1e-3/64/strict,rstim,64,strict,,8736.86667831557,8665.363715127362,8783.04479184964,7325280.601894102,643185.1564305123,0.0877254188023503,25819584,2458,1480000,peak_active_rank,0,,8814592,140208
pure_surface_d7_r7_p1e-3/64/strict,clifft,64,strict,,41770.021702838065,41633.95673876872,41860.898744769875,1532199.3475443064,134467.29852618655,0.08777989518818485,15450709,0,699000,peak_active_width,0,,47841280,
pure_surface_d7_r7_p1e-3/64/strict,clifft-scheduled,64,strict,,41803.627401837926,41599.44425956739,42276.17666948436,1530967.6211779218,134107.58611937443,0.08776035441071002,15702000,0,743792,peak_active_width,0,,47759360,
pure_surface_d7_r7_p1e-3/64/strict,symft,64,strict,,29087.362420011636,28669.36504297994,34322.609471516815,2200268.2496907674,192142.97496124057,0.08756650587943028,14232917,0,44958,max_active_qubits,0,False,44204032,
pure_surface_d7_r7_p1e-3/64/fused,rstim,64,fused,,8744.279769190418,8723.637997208652,8898.107473309608,7319070.48828624,640148.7219327464,0.08772047954300603,25757584,2333,1489750,peak_active_rank,0,,8814592,140208
pure_surface_d7_r7_p1e-3/64/fused,clifft,64,fused,,42217.20675105485,41754.72954924875,42490.632115548004,1515969.5518794805,132958.57367799128,0.08768360084797093,15550500,0,710375,peak_active_width,0,,47792128,
pure_surface_d7_r7_p1e-3/64/fused,clifft-scheduled,64,fused,,41938.32187761945,41716.55212677231,42635.4663256607,1526050.5698525303,132660.655983898,0.08768366662602121,16201916,0,759042,peak_active_width,0,,47841280,
pure_surface_d7_r7_p1e-3/64/fused,symft,64,fused,,34113.27557980901,29006.65139211137,35139.9191848208,1876102.4531423294,164347.71035282293,0.08759225204598597,14398291,0,45750,max_active_qubits,0,False,44138496,
pure_surface_d7_r7_p1e-3/1024/strict,rstim,1024,strict,,133260.4095744681,133028.3829787234,134321.3726541555,7684202.707089625,671322.0169203252,0.08765559548743336,25544834,2375,1594958,peak_active_rank,0,,10141696,140208
pure_surface_d7_r7_p1e-3/1024/strict,clifft,1024,strict,,182306.6509090909,180420.10791366905,182963.62773722628,5616909.722677249,492005.05329144903,0.08778483072916667,15474584,0,894250,peak_active_width,0,,47759360,
pure_surface_d7_r7_p1e-3/1024/strict,clifft-scheduled,1024,strict,,182144.85818181818,180831.5451263538,183279.39194139195,5621899.021589929,493367.53779211023,0.08778633683255573,15761750,0,874542,peak_active_width,0,,48709632,
pure_surface_d7_r7_p1e-3/1024/strict,symft,1024,strict,,159150.04444444444,158798.8126984127,159783.37060702874,6434179.792877497,566177.5270877683,0.0880583399591095,14321500,0,221375,max_active_qubits,0,False,46186496,
pure_surface_d7_r7_p1e-3/1024/fused,rstim,1024,fused,,133563.66133333332,133253.85372340426,134773.81132075473,7666755.985704935,671077.2890502663,0.08763841744208127,25810791,2333,1592541,peak_active_rank,0,,8830976,140208
pure_surface_d7_r7_p1e-3/1024/fused,clifft,1024,fused,,181599.04347826086,180527.38267148015,184006.86397058822,5638796.220435943,495492.45700772153,0.0877960364856021,15365166,0,896208,peak_active_width,0,,47808512,
pure_surface_d7_r7_p1e-3/1024/fused,clifft-scheduled,1024,fused,,181799.97101449277,180474.37769784173,182629.07664233577,5632564.154360446,493750.346326953,0.08779526354438642,15698334,0,906666,peak_active_width,0,,47857664,
pure_surface_d7_r7_p1e-3/1024/fused,symft,1024,fused,,159389.85031847135,159003.82539682538,160075.49201277955,6424499.414197209,565617.9813523921,0.08806322055315766,14387000,0,219500,max_active_qubits,0,False,46088192,
pure_surface_d9_r9_p1e-3/1/strict,rstim,1,strict,,912.3187607196293,902.7068732058711,1052.5287653931166,1096108.118187999,5714.239020789716,0.0052188389648954794,76882083,5791,3059000,peak_active_rank,0,,19464192,296768
pure_surface_d9_r9_p1e-3/1/strict,clifft,1,strict,,4661.4552997110095,4541.275179366088,5076.390761421319,214525.27927533613,1097.076452672429,0.005111093456211435,41208958,0,777083,peak_active_width,0,,62078976,
pure_surface_d9_r9_p1e-3/1/strict,clifft-scheduled,1,strict,,4597.915954022988,4539.854457962593,5075.493300852619,217489.83887472778,1102.8114675570466,0.005083884087442806,41987375,0,754000,peak_active_width,0,,64143360,
pure_surface_d9_r9_p1e-3/1/strict,symft,1,strict,,32363.162459546926,31693.28390367554,37213.68080357143,30899.32886657702,137.0996492091257,0.0044675419401896425,45885500,0,65084,max_active_qubits,0,False,52248576,
pure_surface_d9_r9_p1e-3/1/fused,rstim,1,fused,,895.4172815186247,886.6429698721472,896.5446916856431,1116797.744068557,5851.366513507148,0.0052480940458453015,75663541,5834,3685459,peak_active_rank,0,,18513920,296768
pure_surface_d9_r9_p1e-3/1/fused,clifft,1,fused,,4565.208527344106,4507.353916884522,4638.4639146567715,219048.04435773898,1108.5281326297913,0.0050860212263538936,41708209,0,810666,peak_active_width,0,,61833216,
pure_surface_d9_r9_p1e-3/1/fused,clifft-scheduled,1,fused,,4541.0938152756335,4481.687371157121,4701.6474847202635,220211.26201712317,1108.5285348515786,0.005055440461764974,42356083,0,801625,peak_active_width,0,,61784064,
pure_surface_d9_r9_p1e-3/1/fused,symft,1,fused,,32584.704885993484,32387.468264248706,32958.38866930171,30689.245260890773,139.93500578721208,0.0045336787564766836,45732792,0,73292,max_active_qubits,0,False,51740672,
pure_surface_d9_r9_p1e-3/64/strict,rstim,64,strict,,18042.661976911975,17960.30926724138,18071.898084568125,3547148.4242123836,18196.276989738537,0.005124948355110262,75580083,5750,3463042,peak_active_rank,0,,18808832,296768
pure_surface_d9_r9_p1e-3/64/strict,clifft,64,strict,,89482.24865831842,89003.85765124555,89606.21288014311,715225.656033516,3588.480675564803,0.005021040550879877,41214667,0,949458,peak_active_width,0,,61882368,
pure_surface_d9_r9_p1e-3/64/strict,clifft-scheduled,64,strict,,89493.25581395348,88835.0,89986.6618705036,715137.6873923201,3574.731088212814,0.005015776389597144,42347541,0,935208,peak_active_width,0,,61702144,
pure_surface_d9_r9_p1e-3/64/strict,symft,64,strict,,55776.91192865106,55104.16850220264,63458.53992395437,1147428.1703129744,6050.487218409997,0.005288192780705958,45746625,0,85541,max_active_qubits,0,False,51757056,
pure_surface_d9_r9_p1e-3/64/fused,rstim,64,fused,,18066.066473988438,17930.356041591967,18139.675734494016,3542553.111500356,18193.959330122012,0.0051280853859631045,75711125,5875,3931125,peak_active_rank,0,,18792448,296768
pure_surface_d9_r9_p1e-3/64/fused,clifft,64,fused,,88917.6269982238,88833.03019538189,89749.08602150538,719767.2965482811,3600.308957329712,0.0050278662420382165,41035500,0,915041,peak_active_width,0,,61259776,
pure_surface_d9_r9_p1e-3/64/fused,clifft-scheduled,64,fused,,89107.11743772242,88898.83836589698,89295.07321428572,718236.6778358647,3595.6572986676547,0.005020764646208471,42490083,0,924542,peak_active_width,0,,61915136,
pure_surface_d9_r9_p1e-3/64/fused,symft,64,fused,,61333.45343137255,55222.475717439294,64427.80823680824,1043476.2176177005,5539.893299941674,0.005284446764091858,45612958,0,84292,max_active_qubits,0,False,51773440,
pure_surface_d9_r9_p1e-3/1024/strict,rstim,1024,strict,,274125.84153005463,271456.31351351354,274888.4945054945,3735510.648264551,19462.15057299618,0.005211647171104151,76005750,6167,3812625,peak_active_rank,0,,18792448,296768
pure_surface_d9_r9_p1e-3/1024/strict,clifft,1024,strict,,406723.8861788618,405223.70967741933,413884.9090909091,2517678.540152627,13231.48752452009,0.005272079591541135,40939750,0,1328750,peak_active_width,0,,63602688,
pure_surface_d9_r9_p1e-3/1024/strict,clifft-scheduled,1024,strict,,410895.2131147541,409779.14634146343,412002.6721311475,2492119.565564321,13126.688318199529,0.005274579678362573,42236125,0,1346500,peak_active_width,0,,63324160,
pure_surface_d9_r9_p1e-3/1024/strict,symft,1024,strict,,344927.2827586207,344368.4589041096,346149.9724137931,2968741.677406228,15452.6334741257,0.00522465738692232,45489125,0,535250,max_active_qubits,0,False,55721984,
pure_surface_d9_r9_p1e-3/1024/fused,rstim,1024,fused,,273868.5956284153,271686.0054054054,276370.6574585635,3739019.4288262334,19408.82651887117,0.005210631127450981,75571459,5750,3986167,peak_active_rank,0,,20692992,296768
pure_surface_d9_r9_p1e-3/1024/fused,clifft,1024,fused,,409310.56097560975,407489.47154471546,409936.52459016396,2501767.8448346187,13187.502342217562,0.005272755384167637,41318750,0,1465291,peak_active_width,0,,61718528,
pure_surface_d9_r9_p1e-3/1024/fused,clifft-scheduled,1024,fused,,409564.7073170732,407395.0081300813,411316.2213114754,2500215.4280037824,13181.1490512716,0.005274348047785548,42326666,0,1381667,peak_active_width,0,,61751296,
pure_surface_d9_r9_p1e-3/1024/fused,symft,1024,fused,,344712.9589041096,343513.9246575342,347377.0,2970587.4802486054,15417.360977802435,0.005218927206607495,45800500,0,541625,max_active_qubits,0,False,55721984,
