experiment,distance,rounds,loss_probability,decoder,status,shots,errors,logical_error_rate,ci95_low,ci95_high,median_microseconds_per_shot
loss_sweep,3,3,0.0001,envelope-matching,ok,5000,1,0.0002,3.530578343936526e-05,0.0011320890808397363,1.5930917999999998
loss_sweep,3,3,0.0001,pymatching-fixed,ok,5000,1,0.0002,3.530578343936526e-05,0.0011320890808397363,1.8340081720505237
loss_sweep,3,3,0.0001,pymatching-envelope,ok,5000,1,0.0002,3.530578343936526e-05,0.0011320890808397363,2.1529582166505574
loss_sweep,3,3,0.0001,envelope-matching-offline,ok,5000,1,0.0002,3.530578343936526e-05,0.0011320890808397363,1.5261666
loss_sweep,3,3,0.0003,envelope-matching,ok,5000,1,0.0002,3.530578343936526e-05,0.0011320890808397363,1.6663666
loss_sweep,3,3,0.0003,pymatching-fixed,ok,5000,2,0.0004,0.00010970128207763504,0.0014573865014234437,1.8707500315994026
loss_sweep,3,3,0.0003,pymatching-envelope,ok,5000,1,0.0002,3.530578343936526e-05,0.0011320890808397363,2.269850146627021
loss_sweep,3,3,0.0003,envelope-matching-offline,ok,5000,1,0.0002,3.530578343936526e-05,0.0011320890808397363,1.5556252
loss_sweep,3,3,0.001,envelope-matching,ok,5000,5,0.001,0.00042721349110879964,0.002338953050058211,2.0259914
loss_sweep,3,3,0.001,pymatching-fixed,ok,5000,12,0.0024,0.0013734655564128324,0.004190551419308018,1.9340918076293945
loss_sweep,3,3,0.001,pymatching-envelope,ok,5000,5,0.001,0.00042721349110879964,0.002338953050058211,2.7574499860861543
loss_sweep,3,3,0.001,envelope-matching-offline,ok,5000,5,0.001,0.00042721349110879964,0.002338953050058211,1.8039252
loss_sweep,3,3,0.003,envelope-matching,ok,5000,16,0.0032,0.0019707278219023715,0.0051920608307063874,3.9281081999999996
loss_sweep,3,3,0.003,pymatching-fixed,ok,5000,31,0.0062,0.0043713883985244135,0.008786794042414002,2.089549977787924
loss_sweep,3,3,0.003,pymatching-envelope,ok,5000,16,0.0032,0.0019707278219023715,0.0051920608307063874,5.518708406445384
loss_sweep,3,3,0.003,envelope-matching-offline,ok,5000,16,0.0032,0.0019707278219023715,0.0051920608307063874,2.9010333999999998
loss_sweep,3,3,0.01,envelope-matching,ok,5000,121,0.0242,0.02029184139202983,0.028838703778886532,12.360874800000001
loss_sweep,3,3,0.01,pymatching-fixed,ok,5000,245,0.049,0.04335507170094735,0.055337395453494184,2.460725212430954
loss_sweep,3,3,0.01,pymatching-envelope,ok,5000,120,0.024,0.020109114739861697,0.02862173751183269,17.252675185633567
loss_sweep,3,3,0.01,envelope-matching-offline,ok,5000,121,0.0242,0.02029184139202983,0.028838703778886532,7.417725
loss_sweep,5,5,0.0001,envelope-matching,ok,5000,0,0.0,0.0,0.0007677019450571244,10.875775
loss_sweep,5,5,0.0001,pymatching-fixed,ok,5000,0,0.0,0.0,0.0007677019450571244,8.021799810799097
loss_sweep,5,5,0.0001,pymatching-envelope,ok,5000,0,0.0,0.0,0.0007677019450571244,12.682766774411723
loss_sweep,5,5,0.0001,envelope-matching-offline,ok,5000,0,0.0,0.0,0.0007677019450571244,8.905266600000001
loss_sweep,5,5,0.0003,envelope-matching,ok,5000,1,0.0002,3.530578343936526e-05,0.0011320890808397363,15.4376334
loss_sweep,5,5,0.0003,pymatching-fixed,ok,5000,1,0.0002,3.530578343936526e-05,0.0011320890808397363,7.949716422546316
loss_sweep,5,5,0.0003,pymatching-envelope,ok,5000,1,0.0002,3.530578343936526e-05,0.0011320890808397363,17.42400858058975
loss_sweep,5,5,0.0003,envelope-matching-offline,ok,5000,1,0.0002,3.530578343936526e-05,0.0011320890808397363,11.706433399999998
loss_sweep,5,5,0.001,envelope-matching,ok,5000,3,0.0006,0.00020407465419434642,0.001762706048528709,43.2251582
loss_sweep,5,5,0.001,pymatching-fixed,ok,5000,4,0.0008,0.00031114697610156263,0.0020553266458434704,8.320466577308512
loss_sweep,5,5,0.001,pymatching-envelope,ok,5000,3,0.0006,0.00020407465419434642,0.001762706048528709,46.146624996850754
loss_sweep,5,5,0.001,envelope-matching-offline,ok,5000,3,0.0006,0.00020407465419434642,0.001762706048528709,27.649033199999998
loss_sweep,5,5,0.003,envelope-matching,ok,5000,6,0.0012,0.0005500831677591556,0.002615776292629832,136.53089999999997
loss_sweep,5,5,0.003,pymatching-fixed,ok,5000,17,0.0034,0.0021239367958294426,0.0054385447760012945,9.176833570935917
loss_sweep,5,5,0.003,pymatching-envelope,ok,5000,6,0.0012,0.0005500831677591556,0.002615776292629832,133.70452501408545
loss_sweep,5,5,0.003,envelope-matching-offline,ok,5000,6,0.0012,0.0005500831677591556,0.002615776292629832,77.7381748
loss_sweep,5,5,0.01,envelope-matching,ok,5000,39,0.0078,0.005711256209150136,0.010644469585564097,191.3027334
loss_sweep,5,5,0.01,pymatching-fixed,ok,5000,260,0.052,0.04618252452365877,0.058505336419112416,12.44991682400875
loss_sweep,5,5,0.01,pymatching-envelope,ok,5000,39,0.0078,0.005711256209150136,0.010644469585564097,209.03585821579992
loss_sweep,5,5,0.01,envelope-matching-offline,ok,5000,39,0.0078,0.005711256209150136,0.010644469585564097,115.8118416
loss_sweep,7,7,0.0001,envelope-matching,ok,5000,0,0.0,0.0,0.0007677019450571244,69.2261668
loss_sweep,7,7,0.0001,pymatching-fixed,ok,5000,0,0.0,0.0,0.0007677019450571244,20.998833655775453
loss_sweep,7,7,0.0001,pymatching-envelope,ok,5000,0,0.0,0.0,0.0007677019450571244,63.788508204264716
loss_sweep,7,7,0.0001,envelope-matching-offline,ok,5000,0,0.0,0.0,0.0007677019450571244,43.50945
loss_sweep,7,7,0.0003,envelope-matching,ok,5000,0,0.0,0.0,0.0007677019450571244,172.949175
loss_sweep,7,7,0.0003,pymatching-fixed,ok,5000,0,0.0,0.0,0.0007677019450571244,21.131008381283287
loss_sweep,7,7,0.0003,pymatching-envelope,ok,5000,0,0.0,0.0,0.0007677019450571244,126.94925819524863
loss_sweep,7,7,0.0003,envelope-matching-offline,ok,5000,0,0.0,0.0,0.0007677019450571244,80.539575
loss_sweep,7,7,0.001,envelope-matching,ok,5000,0,0.0,0.0,0.0007677019450571244,429.4267502000001
loss_sweep,7,7,0.001,pymatching-fixed,ok,5000,0,0.0,0.0,0.0007677019450571244,21.759108230285978
loss_sweep,7,7,0.001,pymatching-envelope,ok,5000,0,0.0,0.0,0.0007677019450571244,366.3082747594825
loss_sweep,7,7,0.001,envelope-matching-offline,ok,5000,0,0.0,0.0,0.0007677019450571244,231.5464
loss_sweep,7,7,0.003,envelope-matching,ok,5000,0,0.0,0.0,0.0007677019450571244,523.7582666
loss_sweep,7,7,0.003,pymatching-fixed,ok,5000,3,0.0006,0.00020407465419434642,0.001762706048528709,24.581583404281737
loss_sweep,7,7,0.003,pymatching-envelope,ok,5000,0,0.0,0.0,0.0007677019450571244,505.9750167900064
loss_sweep,7,7,0.003,envelope-matching-offline,ok,5000,0,0.0,0.0,0.0007677019450571244,314.48936679999997
loss_sweep,7,7,0.01,envelope-matching,ok,5000,23,0.0046,0.003067252025343836,0.0068933870618187645,598.5404083999999
loss_sweep,7,7,0.01,pymatching-fixed,ok,5000,296,0.0592,0.05299073527956573,0.06608607075519665,35.61977522164841
loss_sweep,7,7,0.01,pymatching-envelope,ok,5000,23,0.0046,0.003067252025343836,0.0068933870618187645,588.7294497772906
loss_sweep,7,7,0.01,envelope-matching-offline,ok,5000,23,0.0046,0.003067252025343836,0.0068933870618187645,343.6557668
accuracy_time,3,2,0.003,envelope-matching,ok,5000,15,0.003,0.0018189297776376753,0.004944165955749107,1.731175
accuracy_time,3,2,0.003,pymatching-fixed,ok,5000,28,0.0056,0.003877382638215079,0.008081721045057406,1.4343829811585667
accuracy_time,3,2,0.003,pymatching-envelope,ok,5000,15,0.003,0.0018189297776376753,0.004944165955749107,2.732949781517053
accuracy_time,3,2,0.003,envelope-matching-offline,ok,5000,15,0.003,0.0018189297776376753,0.004944165955749107,1.448375
accuracy_time,3,2,0.003,envelope-mle,ok,5000,1,0.0002,3.530578343936526e-05,0.0011320890808397363,2064.2635166
accuracy_time,3,2,0.003,pymatching-fixed-loop,ok,5000,28,0.0056,0.003877382638215079,0.008081721045057406,4.286383581221962
