id,shots,arithmetic,cache_bytes,fastest_peer,rstim_ns,peer_ns,speedup,paired_min,paired_max
msc5/s1/c67108864/strict,1,strict,67108864,clifft-scheduled,60983.723170731704,27433.016456390564,0.4498416139596518,0.4194364896669574,0.6325230138267685
msc5/s64/c67108864/strict,64,strict,67108864,clifft-scheduled,2418324.6666666665,1405833.4444444445,0.5813253546233706,0.5544846166882166,0.5961299360647234
msc5/s1024/c67108864/strict,1024,strict,67108864,clifft-scheduled,40055452.0,22200456.333333332,0.5542430611776228,0.5529868288079485,0.5928578113941354
msc5/s8/c67108864/strict,8,strict,67108864,clifft-scheduled,500064.39,179542.6093189964,0.3590389815979426,0.3529307511457839,0.36563512158624184
msc5/s32/c67108864/strict,32,strict,67108864,clifft-scheduled,1430954.8,705594.338028169,0.493093379349347,0.4880000070967788,0.6685411344378146
msc5/s63/c67108864/strict,63,strict,67108864,clifft-scheduled,2687058.0,1368923.4594594594,0.5094506554973728,0.49801770675836954,0.8212046792146493
msc5/s65/c67108864/strict,65,strict,67108864,clifft-scheduled,3038651.2352941176,1422307.6944444445,0.4680720439135149,0.4658926961845447,0.5556003424426362
msc5/s256/c67108864/strict,256,strict,67108864,clifft-scheduled,9829250.5,5588993.111111111,0.5686082688716816,0.5535607181107822,0.9540051904104412
msc5/s4096/c67108864/strict,4096,strict,67108864,clifft-scheduled,160317972.0,88931245.0,0.5547178765459932,0.5363326445767277,0.8770662092251739
terminal/s1/c67108864/strict,1,strict,67108864,symft,596.4998985958508,3804.0377358490564,6.377264681525826,6.262766810080338,6.420209442140581
terminal/s8/c67108864/strict,8,strict,67108864,clifft-scheduled,4376.417768052516,5439.200913738714,1.2428431658066161,1.2225321919978533,1.2428431658066161
terminal/s32/c67108864/strict,32,strict,67108864,clifft-scheduled,5665.34387038296,7473.141383948588,1.3190975790571784,1.273008069733533,1.3226568172606943
terminal/s63/c67108864/strict,63,strict,67108864,clifft-scheduled,9981.496407185628,10266.419421063436,1.0285451201157265,1.016087103655445,1.034833225790948
terminal/s64/c67108864/strict,64,strict,67108864,clifft,10144.892067356463,10254.994257588187,1.0108529681243237,1.0027963391512342,1.0884799157974994
terminal/s65/c67108864/strict,65,strict,67108864,clifft-scheduled,11320.405931627802,10426.38990825688,0.9210261514674883,0.9160888800940312,0.9298461783672473
terminal/s256/c67108864/strict,256,strict,67108864,clifft,40199.737942122185,27324.910382513663,0.6797285699189101,0.6747588852136825,0.6838766770941825
terminal/s1024/c67108864/strict,1024,strict,67108864,clifft-scheduled,160249.59424920127,93587.19439252336,0.5840089320100718,0.5807580873935365,0.5899720962793917
terminal/s4096/c67108864/strict,4096,strict,67108864,clifft-scheduled,638733.4303797468,357526.0714285714,0.5597422248840351,0.5558104502521414,0.5604264435096347
msc3/s1/c67108864/strict,1,strict,67108864,clifft,3919.2683806239224,5396.497409885604,1.3769144865314162,1.3637460150489533,1.441768685933265
msc3/s8/c67108864/strict,8,strict,67108864,clifft-scheduled,30999.13639181649,12998.344684169482,0.4193131227875411,0.3752523936741264,0.44289444989950916
msc3/s32/c67108864/strict,32,strict,67108864,symft,20555.774763666257,24601.44121987211,1.1968141071168403,1.1910934032687799,1.3115791938835242
msc3/s63/c67108864/strict,63,strict,67108864,symft,38102.92307692308,36265.66207396664,0.9517816258021115,0.9470716406751373,0.9520641288379613
msc3/s64/c67108864/strict,64,strict,67108864,symft,36714.74522760646,38660.69397217929,1.0530018316213083,1.0373441306345967,1.05977086728667
msc3/s65/c67108864/strict,65,strict,67108864,clifft-scheduled,39981.80655475619,44395.99378881988,1.110404896987792,1.1019048856080875,1.114959197019913
msc3/s256/c67108864/strict,256,strict,67108864,clifft-scheduled,146594.22514619882,133373.52533333332,0.909814320450342,0.892507936299962,0.9194409094047145
msc3/s1024/c67108864/strict,1024,strict,67108864,symft,575234.2298850574,485896.1553398058,0.8446927009835575,0.8292010749480935,0.8495665322600917
msc3/s4096/c67108864/strict,4096,strict,67108864,symft,2299461.227272727,1864223.2592592593,0.810721762623638,0.8074340681688408,0.8191481256546058
qec32/s1/c67108864/strict,1,strict,67108864,clifft-scheduled,1838.7832082965579,4696.769678752583,2.554281362566745,2.517704025887836,2.5583975786976803
qec32/s8/c67108864/strict,8,strict,67108864,clifft-scheduled,14305.012871853547,7111.456549566206,0.4971303845212655,0.49688309841913875,0.503724055012011
qec32/s32/c67108864/strict,32,strict,67108864,clifft-scheduled,8786.269021261642,10841.774501300953,1.233945201890046,1.2207231501834128,1.2414079232402029
qec32/s63/c67108864/strict,63,strict,67108864,clifft-scheduled,14827.71716572784,15562.865857454093,1.0495793575983123,1.0416258944119057,1.1247877316399315
qec32/s64/c67108864/strict,64,strict,67108864,clifft,12805.097567221512,15953.340988835726,1.2458586047538667,1.2415696378962626,1.2607964395200035
qec32/s65/c67108864/strict,65,strict,67108864,clifft-scheduled,14865.311831153389,16151.21996124031,1.0865039458770067,1.0414418938972703,1.1055004976520397
qec32/s256/c67108864/strict,256,strict,67108864,clifft-scheduled,50429.53528225807,46355.23354958295,0.9192080254186176,0.9114216040766373,0.9291244173424822
qec32/s1024/c67108864/strict,1024,strict,67108864,clifft,201195.6184738956,166256.51162790696,0.826342605713743,0.8238624662726192,0.8383907748122879
qec32/s4096/c67108864/strict,4096,strict,67108864,clifft,803314.7936507936,652253.8051948051,0.811952935947479,0.8082990847519252,0.8200514318937868
msc5/s1/c67108864/fused,1,fused,67108864,clifft-scheduled,62800.69887076537,27396.4852135816,0.4362449097892931,0.4280274785686582,0.5124863394294777
msc5/s64/c67108864/fused,64,fused,67108864,clifft-scheduled,1897706.2592592593,1397343.3055555555,0.736332769488249,0.721533013478113,0.745463020068215
msc5/s1024/c67108864/fused,1024,fused,67108864,clifft,30293905.5,22800119.0,0.7526305579846745,0.7498923638304905,1.296533726275059
msc5/s8/c67108864/fused,8,fused,67108864,clifft-scheduled,517160.1546391753,180589.49097472924,0.349194518090295,0.3447118852591483,0.4147897343722627
msc5/s32/c67108864/fused,32,fused,67108864,clifft,1462598.4857142856,724679.2142857143,0.49547378953548177,0.4870549822097565,0.8450922648730969
msc5/s63/c67108864/fused,63,fused,67108864,clifft-scheduled,2732327.052631579,1397299.861111111,0.5113955372821615,0.4984166137787463,0.7094961878559448
msc5/s65/c67108864/fused,65,fused,67108864,clifft-scheduled,2608802.9,1413249.4722222222,0.5417233598683221,0.5410175904046106,0.854351009738989
msc5/s256/c67108864/fused,256,fused,67108864,clifft-scheduled,7466777.142857143,6340457.875,0.8491559013603881,0.7459211859279141,1.063033710653653
msc5/s4096/c67108864/fused,4096,fused,67108864,clifft-scheduled,118589655.0,88508324.0,0.7463410193747507,0.740946552248309,0.7556185511890141
terminal/s1/c67108864/fused,1,fused,67108864,symft,598.5456210496073,3809.2591040682614,6.364191750978579,6.131690912737754,6.663780492790277
terminal/s8/c67108864/fused,8,fused,67108864,clifft-scheduled,4370.420155580806,5354.111146803726,1.2250792729771751,1.2052725239780342,1.2325423575206087
terminal/s32/c67108864/fused,32,fused,67108864,clifft-scheduled,5660.962187252349,7457.712155108128,1.317393034686187,1.3101580188867075,1.3296525132563124
terminal/s63/c67108864/fused,63,fused,67108864,clifft-scheduled,10004.713085234094,10241.668441531845,1.0236843729829166,1.0094580041915493,1.0265303883965267
terminal/s64/c67108864/fused,64,fused,67108864,clifft-scheduled,10146.342532467532,10293.72190201729,1.0145253690261447,1.0073163049510692,1.0147104862432528
terminal/s65/c67108864/fused,65,fused,67108864,clifft-scheduled,11316.410500113148,10455.48149696843,0.9239220773109892,0.9231707567138441,0.9322949883919104
terminal/s256/c67108864/fused,256,fused,67108864,clifft,40171.50522088353,27269.97328244275,0.6788387224351802,0.6695487557318581,0.6806897371219153
terminal/s1024/c67108864/fused,1024,fused,67108864,clifft-scheduled,160580.7628205128,93709.9850187266,0.5835691858275066,0.5795459527152744,0.5868728400848678
terminal/s4096/c67108864/fused,4096,fused,67108864,clifft-scheduled,640012.3291139241,357375.77142857143,0.5583888859193484,0.5543582199955102,0.5597494847084461
msc3/s1/c67108864/fused,1,fused,67108864,clifft-scheduled,3932.2247562126454,5393.76591154261,1.3716830155806405,1.3631061870091046,1.505597799349033
msc3/s8/c67108864/fused,8,fused,67108864,clifft,31471.03838892385,12786.520071592942,0.4062948261692288,0.3651193074115224,0.4177520152924236
msc3/s32/c67108864/fused,32,fused,67108864,symft,20376.50814995925,24584.3058013766,1.2065023909126336,1.2020503051712799,1.2124864985741954
msc3/s63/c67108864/fused,63,fused,67108864,symft,38203.53552330023,36355.73473837209,0.9516327282379097,0.9469750493664923,1.0680153309471205
msc3/s64/c67108864/fused,64,fused,67108864,symft,36722.984581497796,38450.799385088394,1.0470499558595552,1.0424553154976055,1.0491550306161108
msc3/s65/c67108864/fused,65,fused,67108864,clifft-scheduled,39733.53137410643,44253.983185840705,1.113769193308606,1.1080558764443973,1.1181241648363678
msc3/s256/c67108864/fused,256,fused,67108864,clifft-scheduled,145167.31014492753,133605.256,0.9203535965956483,0.9180673735353935,0.9223070136746064
msc3/s1024/c67108864/fused,1024,fused,67108864,symft,574859.7816091954,485969.82524271845,0.845371064022519,0.835575176628011,0.8489078994927757
msc3/s4096/c67108864/fused,4096,fused,67108864,symft,2303341.1818181816,1866425.5925925926,0.8103122573961439,0.8030463839944625,0.8139217079396707
qec32/s1/c67108864/fused,1,fused,67108864,clifft-scheduled,1841.5902545025965,4701.460323429861,2.5529350581298007,2.3323393135473673,2.5625025238143793
qec32/s8/c67108864/fused,8,fused,67108864,clifft,14272.177226027397,7127.269099201824,0.49938204846589274,0.4559326672214621,0.5052139098278353
qec32/s32/c67108864/fused,32,fused,67108864,clifft,8778.39676966292,10804.716292134832,1.2308302501744541,1.2261704599855834,1.2790253276916275
qec32/s63/c67108864/fused,63,fused,67108864,clifft-scheduled,14820.895672791938,15640.966218329684,1.0553320503458656,1.0470752545919702,1.0584307198666199
qec32/s64/c67108864/fused,64,fused,67108864,clifft-scheduled,12777.208482370976,15714.828409805154,1.229910933322195,1.2239984733566345,1.2502559033402287
qec32/s65/c67108864/fused,65,fused,67108864,clifft,14845.028495102404,16135.10906744111,1.0869032061989186,1.0720063939157063,1.1053721351172703
qec32/s256/c67108864/fused,256,fused,67108864,clifft,50373.89929506546,46423.92022263451,0.9215867914196215,0.9119459225069182,0.9711216415205737
qec32/s1024/c67108864/fused,1024,fused,67108864,clifft-scheduled,202233.37903225806,165108.78877887788,0.8164269892980501,0.8083020366545511,0.8488739289192839
qec32/s4096/c67108864/fused,4096,fused,67108864,clifft-scheduled,803515.4444444445,651306.9480519481,0.8105717849670777,0.8055294746732163,0.8178629876764038
