history,arithmetic,cache_budget_bytes,backend,total_shots,compile_ns,prepare_ns,sampling_ns,phase_sum_ns,peak_rss_bytes,cache_reserved_bytes
single,strict,0,rstim,1,12903083,84,69250,12972084,12648448,0
single,strict,1048576,rstim,1,12835000,1875,98500,12935833,13631488,1037904
single,strict,16777216,rstim,1,12816667,1917,101208,12919584,13729792,1142768
single,strict,67108864,rstim,1,12893042,2000,103500,13004875,13729792,1142768
single,strict,,clifft,1,10032500,0,46292,10084208,52985856,0
single,strict,,clifft-scheduled,1,13067667,0,47959,13113834,53673984,0
single,strict,,symft,1,10346625,0,77333,10424125,48316416,0
batch-once,strict,0,rstim,1024,12963208,84,25248041,38157750,22364160,0
batch-once,strict,1048576,rstim,1024,12896584,1833,28008333,40926084,21708800,1040240
batch-once,strict,16777216,rstim,1024,12899583,1875,28585833,41451249,37486592,16773488
batch-once,strict,67108864,rstim,1024,12893834,1958,31137875,43932166,87818240,67105072
batch-once,strict,,clifft,1024,10176458,0,20038208,30220708,77774848,0
batch-once,strict,,clifft-scheduled,1024,13099208,0,19327417,32627042,54149120,0
batch-once,strict,,symft,1024,10529166,0,23073625,33664666,48365568,0
batch-repeat,strict,0,rstim,8192,13410125,125,212334000,225965667,49872896,0
batch-repeat,strict,1048576,rstim,8192,13518291,2958,217677249,231865791,53100544,1040240
batch-repeat,strict,16777216,rstim,8192,13697792,2750,224563292,238521249,69042176,16773488
batch-repeat,strict,67108864,rstim,8192,13303209,2708,220486959,234006876,119078912,67105072
batch-repeat,strict,,clifft,8192,10547209,0,165146918,175883460,53428224,0
batch-repeat,strict,,clifft-scheduled,8192,14238625,0,181531251,195769876,81166336,0
batch-repeat,strict,,symft,8192,10979792,0,190591167,201399042,50888704,0
small-repeat,strict,0,rstim,2048,13096458,84,51384920,64751623,28065792,0
small-repeat,strict,1048576,rstim,2048,13156375,2375,54479747,67523627,30228480,1040240
small-repeat,strict,16777216,rstim,2048,13135833,2167,54919370,67973791,44564480,16773488
small-repeat,strict,67108864,rstim,2048,13218958,2250,57363413,70700958,96419840,67105072
small-repeat,strict,,clifft,2048,10416833,0,40613083,50890543,56819712,0
small-repeat,strict,,clifft-scheduled,2048,13516542,0,39859875,53047296,58884096,0
small-repeat,strict,,symft,2048,11052000,0,48367791,59451374,51363840,0
scalar-to-batch,strict,0,rstim,1025,13250250,125,25930750,39244291,23379968,0
scalar-to-batch,strict,1048576,rstim,1025,13234333,2750,28975584,42512500,24215552,1048560
scalar-to-batch,strict,16777216,rstim,1025,13669291,2958,30240666,44325918,38961152,16772112
scalar-to-batch,strict,67108864,rstim,1025,13589916,2792,33467667,46716501,90488832,67105744
scalar-to-batch,strict,,clifft,1025,10553541,0,20636834,31192167,52576256,0
scalar-to-batch,strict,,clifft-scheduled,1025,13869750,0,20044041,33728625,55427072,0
scalar-to-batch,strict,,symft,1025,10935125,0,24011708,34955583,51003392,0
batch-to-scalar,strict,0,rstim,1025,13229833,125,26155541,39362625,24576000,0
batch-to-scalar,strict,1048576,rstim,1025,13250334,2625,28957833,42343749,21839872,1044592
batch-to-scalar,strict,16777216,rstim,1025,13208166,2750,29232708,42493125,37732352,16775536
batch-to-scalar,strict,67108864,rstim,1025,13308208,2333,32254583,45692791,88522752,67107376
batch-to-scalar,strict,,clifft,1025,10423458,0,20292667,30923333,53428224,0
batch-to-scalar,strict,,clifft-scheduled,1025,13485292,0,19779543,33442625,59621376,0
batch-to-scalar,strict,,symft,1025,10737625,0,23803333,34572458,49954816,0
mixed,strict,0,rstim,1219,13282417,125,31061043,44400831,22429696,0
mixed,strict,1048576,rstim,1219,13475708,2625,34097875,47860250,24936448,1048560
mixed,strict,16777216,rstim,1219,13182833,2542,34419791,47930667,40419328,16775184
mixed,strict,67108864,rstim,1219,13310292,2875,37507918,50820876,94945280,67105744
mixed,strict,,clifft,1219,10585292,0,24856041,35234043,52494336,0
mixed,strict,,clifft-scheduled,1219,13334250,0,24163791,37429041,55525376,0
mixed,strict,,symft,1219,10779292,0,28857998,39676207,50233344,0
structured-repeat,strict,0,rstim,512,12971125,84,31806665,44697832,15728640,0
structured-repeat,strict,1048576,rstim,512,13130791,2542,31927626,45114624,17170432,1048336
structured-repeat,strict,16777216,rstim,512,13098750,2500,31574209,44536292,32751616,16777072
structured-repeat,strict,67108864,rstim,512,13170458,2416,29939667,43467793,83869696,67108656
structured-repeat,strict,,clifft,512,10159750,0,10093834,20310083,50266112,0
structured-repeat,strict,,clifft-scheduled,512,13257041,0,9834335,23105331,54116352,0
structured-repeat,strict,,symft,512,10485875,0,11737502,22219250,49102848,0
single,fused,0,rstim,1,12923416,83,47584,12967124,12681216,0
single,fused,1048576,rstim,1,13099250,2125,73500,13181041,13631488,1037904
single,fused,16777216,rstim,1,13025000,2542,81083,13118459,15335424,1142768
single,fused,67108864,rstim,1,12848958,2333,78959,12997499,13697024,1142768
single,fused,,clifft,1,10324750,0,56833,10393167,52625408,0
single,fused,,clifft-scheduled,1,13568625,0,56791,13667666,54247424,0
single,fused,,symft,1,10541292,0,81875,10623000,47742976,0
batch-once,fused,0,rstim,1024,13046500,125,21943292,34877417,20185088,0
batch-once,fused,1048576,rstim,1024,12969125,2250,23454375,36601041,21741568,1040240
batch-once,fused,16777216,rstim,1024,13137333,2542,24204125,37650291,38273024,16773488
batch-once,fused,67108864,rstim,1024,13014708,2250,25788792,38809750,87818240,67105072
batch-once,fused,,clifft,1024,10302250,0,22016334,32226584,78168064,0
batch-once,fused,,clifft-scheduled,1024,13411333,0,19591084,33113958,53837824,0
batch-once,fused,,symft,1024,10785709,0,23332750,34125792,48513024,0
batch-repeat,fused,0,rstim,8192,13063250,125,176329418,189309249,53542912,0
batch-repeat,fused,1048576,rstim,8192,13018333,3167,178815708,192337959,52215808,1040240
batch-repeat,fused,16777216,rstim,8192,13174916,2584,178998707,192029961,71516160,16773488
batch-repeat,fused,67108864,rstim,8192,13176458,2833,180884248,194095041,117850112,67105072
batch-repeat,fused,,clifft,8192,10476542,0,160655706,170998998,53198848,0
batch-repeat,fused,,clifft-scheduled,8192,13654583,0,169655166,183572333,81215488,0
batch-repeat,fused,,symft,8192,10915083,0,187251041,198233000,49430528,0
small-repeat,fused,0,rstim,2048,13412334,125,47373334,60515417,33996800,0
small-repeat,fused,1048576,rstim,2048,13254459,2834,46466374,60088500,32784384,1040240
small-repeat,fused,16777216,rstim,2048,13236709,2750,47234458,60686207,45547520,16773488
small-repeat,fused,67108864,rstim,2048,13446208,2875,49246497,63230542,97009664,67105072
small-repeat,fused,,clifft,2048,10636042,0,41584169,52815044,52232192,0
small-repeat,fused,,clifft-scheduled,2048,13933041,0,40517126,54480001,55951360,0
small-repeat,fused,,symft,2048,11073250,0,48548079,59539745,50642944,0
scalar-to-batch,fused,0,rstim,1025,13357708,125,22933166,36290999,22052864,0
scalar-to-batch,fused,1048576,rstim,1025,13261708,3208,23782709,37247957,23445504,1048560
scalar-to-batch,fused,16777216,rstim,1025,13223750,2750,24086084,37888959,37519360,16772112
scalar-to-batch,fused,67108864,rstim,1025,13158916,2458,26059917,39255792,90308608,67105744
scalar-to-batch,fused,,clifft,1025,10301708,0,20161583,30549083,52936704,0
scalar-to-batch,fused,,clifft-scheduled,1025,13465916,0,19648166,33167416,55296000,0
scalar-to-batch,fused,,symft,1025,10925709,0,23800791,34694958,49201152,0
batch-to-scalar,fused,0,rstim,1025,13190500,125,22342417,35354542,20594688,0
batch-to-scalar,fused,1048576,rstim,1025,13105416,2542,23493333,36586083,22609920,1044592
batch-to-scalar,fused,16777216,rstim,1025,13031291,2500,24101542,37076250,40927232,16775536
batch-to-scalar,fused,67108864,rstim,1025,13203708,2583,25683126,38721709,90456064,67107376
batch-to-scalar,fused,,clifft,1025,10278333,0,20141709,30436417,56655872,0
batch-to-scalar,fused,,clifft-scheduled,1025,13363375,0,19582541,33006291,55607296,0
batch-to-scalar,fused,,symft,1025,10876959,0,23616291,34414417,48513024,0
mixed,fused,0,rstim,1219,13104167,84,26571460,39768002,21233664,0
mixed,fused,1048576,rstim,1219,13148375,1791,28078958,41183458,22511616,1048560
mixed,fused,16777216,rstim,1219,13003541,1834,28449334,41512625,38141952,16775184
mixed,fused,67108864,rstim,1219,13070291,1834,29964416,43002123,91062272,67105744
mixed,fused,,clifft,1219,10202458,0,24272541,34614084,50233344,0
mixed,fused,,clifft-scheduled,1219,13235125,0,23679500,37006210,54165504,0
mixed,fused,,symft,1219,10670792,0,28504333,39175250,48644096,0
structured-repeat,fused,0,rstim,512,13043083,125,19792292,32940126,15695872,0
structured-repeat,fused,1048576,rstim,512,13003458,1792,19825751,32830834,17760256,1048336
structured-repeat,fused,16777216,rstim,512,13114709,2041,19882917,32993125,32702464,16777072
structured-repeat,fused,67108864,rstim,512,12941125,2000,19737624,32813250,82968576,67108656
structured-repeat,fused,,clifft,512,10197334,0,10123625,20354126,50544640,0
structured-repeat,fused,,clifft-scheduled,512,13321125,0,9915289,23161375,53641216,0
structured-repeat,fused,,symft,512,10646792,0,11851501,22536625,48480256,0
