id,backend,shots,arithmetic,cache_budget_bytes,warm_ns,process_min_ns,process_max_ns,attempted_shots_per_s,accepted_shots_per_s,acceptance_rate,compile_ns,prepare_ns,first_ns,peak_active_rank,peak_rss_bytes,cache_reserved_bytes
msc5/s1/c0/strict,rstim,1,strict,0,61827.731767614336,61684.27620221948,62174.64596273292,16173.971960650266,,,12778333,84,68292,10,12615680,0
msc5/s1/c0/strict,clifft,1,strict,0,26938.711362412494,26766.61402569593,27083.844071467243,37121.30051607803,,,10782500,0,43667,10,,
msc5/s1/c0/strict,clifft-scheduled,1,strict,0,26342.430226434964,26130.52298850575,26548.05838641189,37961.569657931075,,,13635500,0,46583,10,,
msc5/s1/c0/strict,symft,1,strict,0,63990.135549872124,63591.04955527319,64127.92435897436,15627.408684274906,,,10572583,0,72791,10,,
msc5/s1/c1048576/strict,rstim,1,strict,1048576,62000.258983890955,61702.26510480888,62367.112219451374,16128.964884805113,,,12947084,2041,99291,10,13647872,1048560
msc5/s1/c1048576/strict,clifft,1,strict,1048576,27010.93574514039,26934.645665051157,27127.73535791757,37022.042088264665,,,10628167,0,47958,10,,
msc5/s1/c1048576/strict,clifft-scheduled,1,strict,1048576,26409.78616684266,26317.853684210528,26536.473209549073,37864.7518644242,,,13801458,0,53958,10,,
msc5/s1/c1048576/strict,symft,1,strict,1048576,63841.198979591834,63678.98727735369,64650.24160206718,15663.86621779567,,,10877584,0,76417,10,,
msc5/s1/c16777216/strict,rstim,1,strict,16777216,61675.193588162765,59301.04383886256,127425.5776081425,16213.97423861396,,,13192250,2375,106041,10,30064640,16776976
msc5/s1/c16777216/strict,clifft,1,strict,16777216,28222.778781038374,26902.547606239914,30472.038367844092,35432.37211893024,,,11020291,0,54958,10,,
msc5/s1/c16777216/strict,clifft-scheduled,1,strict,16777216,26575.53294367694,26081.028154327425,33365.00466977985,37628.59627761211,,,13831500,0,47792,10,,
msc5/s1/c16777216/strict,symft,1,strict,16777216,64883.04928664073,63865.988505747126,66783.79305740989,15412.345920768827,,,10888584,0,78250,10,,
msc5/s1/c67108864/strict,rstim,1,strict,67108864,53224.302127659575,52367.15497382199,60983.74268292683,18788.409805759024,,,13185375,2209,105666,10,79953920,67108592
msc5/s1/c67108864/strict,clifft,1,strict,67108864,27599.05353200883,26966.59191374663,28425.277430358157,36233.12657588855,,,10774375,0,54500,10,,
msc5/s1/c67108864/strict,clifft-scheduled,1,strict,67108864,26738.525668449198,26318.27,27526.5921849202,37399.21985227388,,,14269291,0,54959,10,,
msc5/s1/c67108864/strict,symft,1,strict,67108864,65753.39421813404,63760.988535031844,66946.62516733601,15208.340373769046,,,11288625,0,84042,10,,
msc5/s64/c0/strict,rstim,64,strict,0,1607785.09375,1567171.84375,2419841.3333333335,39806.31506585642,,,12997667,83,1601750,10,16760832,0
msc5/s64/c0/strict,clifft,64,strict,0,1280343.625,1236910.5853658537,1312570.5128205128,49986.580750929264,,,10653458,0,1291000,10,,
msc5/s64/c0/strict,clifft-scheduled,64,strict,0,1236809.975609756,1207142.738095238,1263064.725,51746.02506617684,,,14050083,0,1256083,10,,
msc5/s64/c0/strict,symft,64,strict,0,1469542.8,1459959.4857142856,1540474.8181818181,43550.96020340476,,,11050708,0,1508792,10,,
msc5/s64/c1048576/strict,rstim,64,strict,1048576,1638624.935483871,1572453.09375,1742744.3103448276,39057.137856321824,,,13555083,2792,4620250,10,18923520,1048528
msc5/s64/c1048576/strict,clifft,64,strict,1048576,1290218.1282051282,1254296.875,1415484.9722222222,49604.0154768503,,,10911167,0,1305333,10,,
msc5/s64/c1048576/strict,clifft-scheduled,64,strict,1048576,1246921.7073170731,1237870.9268292682,2019531.56,51326.39814066993,,,14456042,0,1272500,10,,
msc5/s64/c1048576/strict,symft,64,strict,1048576,1525650.2121212122,1482960.7352941176,1565161.46875,41949.327238657526,,,11353250,0,1539083,10,,
msc5/s64/c16777216/strict,rstim,64,strict,16777216,1635028.2258064516,1612298.09375,1688297.1333333333,39143.05514110193,,,13301833,2208,5014833,10,32456704,16773584
msc5/s64/c16777216/strict,clifft,64,strict,16777216,1284505.2307692308,1265668.75,1288850.4871794872,49824.631669014976,,,11084792,0,1318125,10,,
msc5/s64/c16777216/strict,clifft-scheduled,64,strict,16777216,1233400.3658536586,1228856.7073170731,1285293.8461538462,51889.0716849305,,,14227208,0,1272917,10,,
msc5/s64/c16777216/strict,symft,64,strict,16777216,1504020.7352941176,1488719.4117647058,2223790.076923077,42552.604826611336,,,11257916,0,1514042,10,,
msc5/s64/c67108864/strict,rstim,64,strict,67108864,1697077.8333333333,1606199.25,1853484.5185185184,37711.882591910195,,,13881500,3333,5740417,10,84377600,67102576
msc5/s64/c67108864/strict,clifft,64,strict,67108864,1377207.2702702703,1326149.1578947369,1882159.2857142857,46470.855463491935,,,10809125,0,1339500,10,,
msc5/s64/c67108864/strict,clifft-scheduled,64,strict,67108864,1303555.5384615385,1260946.925,1406575.2777777778,49096.488881120524,,,14533875,0,1302292,10,,
msc5/s64/c67108864/strict,symft,64,strict,67108864,1700861.0666666667,1534505.0606060605,2524933.25,37627.99987269194,,,11735000,0,1607000,10,,
msc5/s1024/c0/strict,rstim,1024,strict,0,31859417.0,30761083.0,39966937.5,32141.203337148323,,,16202709,167,32218417,10,20168704,0
msc5/s1024/c0/strict,clifft,1024,strict,0,26097312.5,23243027.666666668,27228916.666666668,39237.75676135234,,,14441166,0,24979583,10,,
msc5/s1024/c0/strict,clifft-scheduled,1024,strict,0,23033708.333333332,22319027.666666668,30609646.0,44456.584462264545,,,17092042,0,24447667,10,,
msc5/s1024/c0/strict,symft,1024,strict,0,29093812.0,27363687.0,30259834.0,35196.487830470614,,,13258375,0,27185500,10,,
msc5/s1024/c1048576/strict,rstim,1024,strict,1048576,25869500.5,25676771.0,42376125.0,39583.29230206822,,,13414583,2333,28989042,10,22396928,1048528
msc5/s1024/c1048576/strict,clifft,1024,strict,1048576,22574875.333333332,20339527.333333332,30747063.0,45360.16190034036,,,11526500,0,25849042,10,,
msc5/s1024/c1048576/strict,clifft-scheduled,1024,strict,1048576,27045645.5,20324542.0,36531521.0,37861.917549721635,,,17433833,0,24664917,10,,
msc5/s1024/c1048576/strict,symft,1024,strict,1048576,26100417.0,23823930.333333332,38890750.0,39233.089647571534,,,11513541,0,25799334,10,,
msc5/s1024/c16777216/strict,rstim,1024,strict,16777216,31587187.5,29984208.0,38077396.0,32418.207540636533,,,16050000,2958,35450375,10,36454400,16773584
msc5/s1024/c16777216/strict,clifft,1024,strict,16777216,24682777.666666668,23562985.666666668,25247916.666666668,41486.41671649786,,,12297042,0,25676750,10,,
msc5/s1024/c16777216/strict,clifft-scheduled,1024,strict,16777216,23513681.0,22764791.333333332,24429639.333333332,43549.115087510116,,,17992083,0,23329125,10,,
msc5/s1024/c16777216/strict,symft,1024,strict,16777216,28160083.5,26516583.0,32300583.5,36363.528538542865,,,13041041,0,28576833,10,,
msc5/s1024/c67108864/strict,rstim,1024,strict,67108864,31394250.5,28433229.5,32380167.0,32617.437387141956,,,15763917,2875,40450750,10,87572480,67101712
msc5/s1024/c67108864/strict,clifft,1024,strict,67108864,23295666.666666668,23024499.666666668,25445458.0,43956.672914848255,,,13062459,0,23246459,10,,
msc5/s1024/c67108864/strict,clifft-scheduled,1024,strict,67108864,23953903.0,23387361.0,24795541.666666668,42748.77459426967,,,18422458,0,23668167,10,,
msc5/s1024/c67108864/strict,symft,1024,strict,67108864,26477812.5,23427597.0,27909583.0,38673.889695381746,,,13719167,0,26961125,10,,
msc5/s1/c0/fused,rstim,1,fused,0,39696.39444444444,38961.22663551402,39911.44054269753,25191.20474277611,,,13112958,83,47291,10,13221888,0
msc5/s1/c0/fused,clifft,1,fused,0,27528.362685745735,27398.008767123287,28035.354260089687,36326.17062684236,,,10534250,0,45459,10,,
msc5/s1/c0/fused,clifft-scheduled,1,fused,0,26889.678494623655,26791.26298875201,27578.754550468835,37188.9905712313,,,14403917,0,44209,10,,
msc5/s1/c0/fused,symft,1,fused,0,65559.77850589778,65214.64406779661,66494.47739361702,15253.254705704043,,,11121542,0,77541,10,,
msc5/s1/c1048576/fused,rstim,1,fused,1048576,39352.42014162077,38723.941950464396,46381.24537037037,25411.39773363921,,,13423125,2292,79167,10,15138816,1048560
msc5/s1/c1048576/fused,clifft,1,fused,1048576,27726.063192904658,27336.0043715847,28346.528344671202,36067.14711145536,,,11303375,0,52042,10,,
msc5/s1/c1048576/fused,clifft-scheduled,1,fused,1048576,27011.688444924406,26548.71815286624,27839.962694877504,37021.01044290342,,,14443125,0,53875,10,,
msc5/s1/c1048576/fused,symft,1,fused,1048576,65817.18157894736,65114.403645833336,80499.44051446945,15193.601062976319,,,11344209,0,81791,10,,
msc5/s1/c16777216/fused,rstim,1,fused,16777216,38537.375192604006,37711.01508295626,51249.51024590164,25948.835254143552,,,13309208,3041,86166,10,29753344,16776976
msc5/s1/c16777216/fused,clifft,1,fused,16777216,28389.258229284904,27555.192837465565,30966.61362229102,35224.590650574,,,11334584,0,59042,10,,
msc5/s1/c16777216/fused,clifft-scheduled,1,fused,16777216,27350.205576817934,26854.383995703545,30721.502457002458,36562.796473003524,,,15023750,0,56791,10,,
msc5/s1/c16777216/fused,symft,1,fused,16777216,66129.34874504624,65180.454427083336,74947.18113772455,15121.878847701644,,,11687417,0,81167,10,,
msc5/s1/c67108864/fused,rstim,1,fused,67108864,34067.22668481961,33897.628726287265,44740.273703041144,29353.724893773084,,,13158042,2042,81625,10,78970880,67108592
msc5/s1/c67108864/fused,clifft,1,fused,67108864,27383.54764512596,27366.248358862144,27842.003897550112,36518.277798019044,,,10722667,0,55625,10,,
msc5/s1/c67108864/fused,clifft-scheduled,1,fused,67108864,26844.412775093933,26730.979690005344,26914.423035522068,37251.69957630041,,,14092166,0,55667,10,,
msc5/s1/c67108864/fused,symft,1,fused,67108864,65079.542262678806,64781.997409326425,65215.50847457627,15365.811823994196,,,11005416,0,78084,10,,
msc5/s64/c0/fused,rstim,64,fused,0,1416606.388888889,1397487.2777777778,1467411.8857142858,45178.39288455999,,,13404167,125,1412416,10,16760832,0
msc5/s64/c0/fused,clifft,64,fused,0,1284328.0256410257,1272687.55,1303597.2307692308,49831.50622136173,,,11312042,0,1318334,10,,
msc5/s64/c0/fused,clifft-scheduled,64,fused,0,1246569.1219512196,1235048.780487805,1546381.393939394,51340.91553609366,,,14020875,0,1257250,10,,
msc5/s64/c0/fused,symft,64,fused,0,1512253.7647058824,1496477.9411764706,1548304.3636363635,42320.93944394797,,,11462875,0,1503125,10,,
msc5/s64/c1048576/fused,rstim,64,fused,1048576,1411517.361111111,1387754.4864864864,1431828.5428571429,45341.27724055821,,,13550583,2250,2933750,10,18284544,1048528
msc5/s64/c1048576/fused,clifft,64,fused,1048576,1299060.923076923,1276774.95,1318520.894736842,49266.35761501563,,,11210291,0,1306833,10,,
msc5/s64/c1048576/fused,clifft-scheduled,64,fused,1048576,1260403.05,1236957.219512195,1287764.525,50777.40806799856,,,14955208,0,1284500,10,,
msc5/s64/c1048576/fused,symft,64,fused,1048576,1541792.9393939395,1500700.9411764706,1547577.0,41510.11355983874,,,11177000,0,1542375,10,,
msc5/s64/c16777216/fused,rstim,64,fused,16777216,1523828.2424242424,1454109.5428571429,1632350.8387096773,41999.484074519496,,,15739583,3333,3827833,10,34586624,16773584
msc5/s64/c16777216/fused,clifft,64,fused,16777216,1343094.3157894737,1280490.725,1473742.6470588236,47651.158409065756,,,11667333,0,1399000,10,,
msc5/s64/c16777216/fused,clifft-scheduled,64,fused,16777216,1364028.1621621621,1261382.3,1415540.4444444445,46919.852372073954,,,15262875,0,1332875,10,,
msc5/s64/c16777216/fused,symft,64,fused,16777216,1602005.25,1536282.7878787878,1679943.1333333333,39949.931499912374,,,12006250,0,1610542,10,,
msc5/s64/c67108864/fused,rstim,64,fused,67108864,1628545.5483870967,1406440.861111111,1754247.1724137932,39298.87012579125,,,15084083,2750,4319459,10,84918272,67102576
msc5/s64/c67108864/fused,clifft,64,fused,67108864,1465588.1142857142,1405197.8333333333,1664598.2258064516,43668.4764130963,,,11585375,0,1306959,10,,
msc5/s64/c67108864/fused,clifft-scheduled,64,fused,67108864,1453975.0285714285,1424365.861111111,1579049.40625,44017.262155376775,,,17052875,0,1734709,10,,
msc5/s64/c67108864/fused,symft,64,fused,67108864,1825074.3214285714,1737912.3448275863,1902560.2962962964,35067.06507705626,,,14746500,0,1626625,10,,
msc5/s1024/c0/fused,rstim,1024,fused,0,23171208.333333332,22057458.333333332,27013938.0,44192.77515738821,,,13649250,167,22410500,10,20840448,0
msc5/s1024/c0/fused,clifft,1024,fused,0,20472014.0,20298389.0,23495791.666666668,50019.50467599329,,,11948666,0,20873292,10,,
msc5/s1024/c0/fused,clifft-scheduled,1024,fused,0,20037986.0,19821472.333333332,23157514.0,51102.94018570529,,,14143125,0,19758333,10,,
msc5/s1024/c0/fused,symft,1024,fused,0,23898152.666666668,23516013.666666668,27286771.0,42848.50022856718,,,11348084,0,24496125,10,,
msc5/s1024/c1048576/fused,rstim,1024,fused,1048576,22166555.333333332,21410361.0,22562653.0,46195.72074241696,,,13140333,2584,23675417,10,18382848,1048528
msc5/s1024/c1048576/fused,clifft,1024,fused,1048576,20316986.0,19803903.0,21066999.666666668,50401.17663121883,,,10719083,0,20250083,10,,
msc5/s1024/c1048576/fused,clifft-scheduled,1024,fused,1048576,19791291.666666668,19354264.0,20309194.0,51739.927703893336,,,13793417,0,19624458,10,,
msc5/s1024/c1048576/fused,symft,1024,fused,1048576,23571972.666666668,23036361.333333332,24047736.333333332,43441.42149155159,,,11048250,0,23281000,10,,
msc5/s1024/c16777216/fused,rstim,1024,fused,16777216,21398666.666666668,21382541.333333332,21471528.0,47853.44881301015,,,12833417,1791,23354000,10,33505280,16773584
msc5/s1024/c16777216/fused,clifft,1024,fused,16777216,19835889.0,19733541.333333332,19980166.333333332,51623.60003123631,,,10536292,0,19917625,10,,
msc5/s1024/c16777216/fused,clifft-scheduled,1024,fused,16777216,19240347.0,19216736.333333332,19279139.0,53221.49335456372,,,13732166,0,19412750,10,,
msc5/s1024/c16777216/fused,symft,1024,fused,16777216,23027694.333333332,22966153.0,23082139.0,44468.19491249399,,,10633541,0,23061750,10,,
msc5/s1024/c67108864/fused,rstim,1024,fused,67108864,21702847.666666668,21420111.333333332,22240291.666666668,47182.74835300799,,,12965542,2250,25474542,10,84279296,67101712
msc5/s1024/c67108864/fused,clifft,1024,fused,67108864,19884014.0,19851625.0,20051875.0,51498.65615664925,,,10672292,0,19904958,10,,
msc5/s1024/c67108864/fused,clifft-scheduled,1024,fused,67108864,19358125.333333332,19284166.333333332,19467916.333333332,52897.68416969302,,,13749583,0,19429416,10,,
msc5/s1024/c67108864/fused,symft,1024,fused,67108864,23122263.666666668,23065500.0,23574416.666666668,44286.321389726676,,,10829167,0,23112416,10,,
